0	GT ERROR TEXT ENG PS2
1	이동
2	메뉴 전환
3	계속하기
4	회전
5	확대
6	축소
7	확대
8	조정
9	확인
10	뒤로
11	보기
12	회전/이동
13	범례
14	보기
15	스테이지를 완료하는 데 필요한 목표 목록
16	총 %d개 중 %d개 목표 완료
17	컨트롤러%c
18	컨트롤러를 연결해 주세요
19	레벨 %d
20	히어로 포인트: %d
21	저장 파일
22	저장했습니다
23	불러왔습니다
24	포맷했습니다
25	덮어썼습니다
26	삭제했습니다
27	저장하지 못했습니다\n
28	불러오지 못했습니다
29	삭제하지 못했습니다
30	포맷하지 못했습니다\n
31	덮어쓰지 못했습니다\n
32	빈 블록
33	이름을 입력하고 새 게임을 시작합니다
34	한 글자 지우기
35	띄어쓰기
36	모두 지우기
37	입력
38	취소
39	예
40	아니요
41	확인
42	미션 다시 도전
43	챕터 처음부터
44	미션 실패
45	저장하고 종료
46	챕터 %d
47	이 챕터의 진행 상황을 모두 잃습니다. 계속하시겠습니까?
48	새 게임을 시작하면 저장하지 않은 진행 상황을 잃습니다. 새 게임을 시작하시겠습니까?
49	게임을 불러오면 저장하지 않은 진행 상황을 잃습니다. 불러오시겠습니까?
50	계속하시겠습니까?
51	저장하지 않고 계속하시겠습니까?
52	게임 계속하기
53	불러오지 않고 계속하기
54	%s(슬롯%s) 포맷
55	포맷
56	완료했습니다
57	이름을 입력하지 않았습니다
58	삭제
59	게임 저장
60	게임 불러오기
61	다시 도전
62	%s(슬롯%s)을 찾을 수 없습니다.
63	%s(슬롯%s)이 손상되었습니다.
64	%s(슬롯%s)이 포맷되지 않았습니다.
65	저장 데이터가 손상되었습니다.
66	슬롯%s의 %s에 공간이 부족합니다.\n저장하려면 %dKB 이상의 빈 공간이 있는\nPS2 메모리 카드(8MB)가 필요합니다.
67	"PlayStation 2" 전용 메모리 카드(8MB)
68	업그레이드
69	업그레이드 상점
70	업그레이드를 구입하시겠습니까?
71	구입할 아이템이 없습니다
72	히어로 업그레이드
73	전투 업그레이드
74	이동 업그레이드
75	아이템
76	%d포인트가 필요합니다
77	구입할 수 없습니다
78	이미 구입했습니다
79	현재 히어로 포인트
80	아이템을 선택하면 설명과 구입 가능 여부를 확인할 수 있습니다
81	구입
82	미션 완료
83	미션 정보
84	히어로 포인트
85	히어로 포인트 합계
86	완료 시간
87	현재 상태
88	항목을 선택하면 목록이 표시됩니다
89	히어로 업그레이드
90	전투 업그레이드
91	이동 업그레이드
92	아이템
93	칭호
94	플레이 기록
95	획득
96	미획득
97	%d 히트
98	시속 %d마일
99	시속 %d킬로미터
100	%d피트
101	%d미터
102	오른쪽 스틱
103	왼쪽 스틱
104	이동 가능한 범위 밖
105	미션 실패
106	점수
107	라운드
108	콤보
109	남은 시간
110	최단 시간
111	최고 점수
112	히트
113	구출한 기자
114	레이스 결과
115	내 기록:
116	최고 기록:
117	신기록!
118	기록을 경신하지 못했습니다.
119	조작법 - 베놈
120	조작법 - 스파이더맨
121	웹 집
122	거미줄 묶기
123	스파이더맨 이동 /
124	글 스크롤
125	전체 지도
126	일시 정지
127	스윙
128	발차기 /
129	거미줄 감기
130	적 잡기 /
131	시민 보호 /
132	벽에 붙기
133	점프 /
134	두 번 누르기:
135	이단 점프
136	주먹 공격 /
137	속도 높이기
138	카메라 회전 / 누르기:
139	록온 카메라 전환
140	흰 글씨 = 스파이더맨이 스윙 중일 때
141	촉수 집
142	흡수
143	베놈 이동 /
144	베놈 점프
145	촉수 공격
146	일반 점프
147	주먹 공격
148	카메라 회전
149	카메라 회전/R3 누르기:
150	예
151	아니요
152	확인
153	칭호
154	획득
155	미획득
156	스피드광
157	불타는 사나이
158	심부름의 달인
159	명탐정
160	만화 박사
161	요즘 아이
162	정체 탄로
163	어둠의 타이츠맨
164	패션 중독
165	멋진 미술상
166	질풍
167	싱의 동료
168	자원 재활용업자
169	부자들의 우두머리
170	미스터 미야기
171	진정한 영웅
172	차기작 감독 유력 후보
173	모든 레이스에서 얼티밋 메달 획득
174	조니 스톰 레이스 100% 달성
175	모든 택시 미션 완료
176	비밀 토큰 100% 획득
177	만화 표지 토큰 100% 획득
178	피터의 후드 복장 해제
179	피터의 맨얼굴 해제
180	블랙 슈트 해제
181	모든 복장 해제
182	콘셉트 아트 100% 획득
183	최고 레벨 스윙 속도 해제
184	얀시 스트리트 갱단 500명 격퇴
185	다이캐스트 500명 격퇴
186	하이 롤러 500명 격퇴
187	메이화방 500명 격퇴
188	메인 스토리 완료
189	게임 100% 달성
190	히어로 상태
191	완료한 스파이디 레이스
192	달린 거리(스파이더맨)
193	벽을 이동한 거리(스파이더맨)
194	웹 스윙으로 이동한 거리
195	웹 집으로 이동한 거리
196	사용한 거미줄의 양
197	격퇴한 얀시 스트리트 갱단
198	격퇴한 다이캐스트
199	격퇴한 하이 롤러
200	격퇴한 메이화방
201	완료한 베놈 레이스
202	달린 거리(베놈)
203	벽을 이동한 거리(베놈)
204	베놈 점프로 이동한 거리
205	흡수한 사람 수
206	던진 차량 수
207	베놈 추격 미션 최고 점수
208	완료한 스파이디 레이스의 수
209	스파이더맨이 달려서 이동한 거리(마일)
210	스파이더맨이 벽을 이동한 거리(마일)
211	스파이더맨이 웹 스윙으로 이동한 거리(마일)
212	스파이더맨이 웹 집으로 이동한 거리(마일)
213	스파이더맨이 사용한 거미줄의 양(갤런)
214	격퇴한 얀시 스트리트 갱단의 수
215	격퇴한 다이캐스트의 수
216	격퇴한 하이 롤러의 수
217	격퇴한 메이화방의 수
218	완료한 베놈 레이스
219	베놈이 달려서 이동한 거리(마일)
220	베놈이 벽을 이동한 거리(마일)
221	베놈 점프로 이동한 거리(마일)
222	에너지를 흡수한 사람의 수
223	던진 차량의 수
224	지금까지 베놈 추격 미션에서 획득한 최고 점수
225	게임 기록
226	플레이 시간
227	스토리 달성률
228	스토리 미션 실패 횟수
229	스토리 미션 성공 횟수
230	태어난 아기 수
231	이메일 수
232	게임을 플레이한 시간
233	스토리를 완료한 비율
234	스토리 미션에서 실패한 횟수
235	스토리 미션을 실패 없이 완료한 횟수
236	얼티밋 스파이더맨 개발 중 개발진에게 태어난 아기의 수
237	개발 중 감독이 하루에 받은 이메일의 수
238	설정
239	새 프로필 만들기
240	소리
241	켜기
242	끄기
243	보기
244	모노
245	스테레오
246	서라운드
247	게임 음량
248	배경 음악
249	음향 모드
250	진동
251	카메라 좌우 반전
252	카메라 상하 반전
253	컨트롤러 설정
254	X-MEN ~registered LEGENDS 2 예고편
255	변경한 설정을 저장하시겠습니까?
256	일시 정지
257	아니요!
258	확인!
259	칭호
260	플레이 기록
261	게임 불러오기
262	설정
263	게임 저장
264	캐릭터 변경
265	캐릭터 변경
266	보너스
267	히어로 상태
268	미션 종료
269	게임 종료
270	미션을 종료하면 미션 내 진행 상황을 모두 잃습니다!
271	게임을 종료하면 현재 진행 상황을 모두 잃습니다!
272	종료 중...
273	미션을 종료하고 보너스로 이동하시겠습니까? 미션 내 진행 상황을 모두 잃습니다.
274	스파이더맨에서 베놈으로 변경하시겠습니까?
275	베놈에서 스파이더맨으로 변경하시겠습니까?
276	메시지 기록
277	메시지 기록
278	도시 목표
279	도시 목표
280	수집한 토큰 수
281	획득한 메달 수
282	완료한 전투 투어 수
283	완료한 도시 이벤트 수
284	아직 토큰 %d개가 남아 있습니다.
285	아직 레이스 %d개가 남아 있습니다.
286	아직 전투 투어 %d개가 남아 있습니다.
287	아직 도시 이벤트 %d개가 남아 있습니다.
288	아직 토큰 1개가 남아 있습니다.
289	아직 레이스 1개가 남아 있습니다.
290	아직 전투 투어 1개가 남아 있습니다.
291	아직 도시 이벤트 1개가 남아 있습니다.
292	남은 토큰이 없습니다.
293	남은 레이스가 없습니다.
294	남은 전투 투어가 없습니다.
295	남은 도시 이벤트가 없습니다.
296	새 스토리 미션을 플레이할 수 있습니다!
297	불러오는 중...
298	START 버튼을 누르세요
299	설정
300	계속하기
301	제작진
302	저장 데이터 불러오기
303	저장한 게임 불러오기
304	새 프로필 만들기
305	전환 = ~updown
306	확인 = ~circle
307	확인 / 뒤로 = ~circle / ~cross
308	뒤로 = ~cross
309	글자 바꾸기 = ~updown
310	글자 선택 = ~both_lr
311	한 글자 / 모두 지우기 = ~triangle / ~square
312	이름에는 최소 한 글자가 필요합니다.
313	PLAYER01
314	보너스
315	캐릭터
316	만화 표지
317	콘셉트 아트
318	복장
319	명소
320	한정판
321	미션
322	스파이더맨의 창조자 스탠 리 독점 인터뷰
323	스파이더맨 / 캐릭터 소개
324	베놈 / 캐릭터 소개
325	카니지 / 캐릭터 소개
326	비틀 / 캐릭터 소개
327	개발자의 조언
328	G4TV 특집:\n얼티밋 스파이더맨\n제작 이야기
329	잠김
330	알렉스 오헌
331	비틀
332	부메랑
333	카니지
334	경찰관
335	다이캐스트 조직원
336	다이캐스트 두목
337	다이캐스트 간부
338	에디 브록 주니어
339	에디 브록 시니어
340	일렉트로 완전 충전
341	일렉트로
342	메이화방 조직원
343	메이화방 두목
344	메이화방 간부
345	닉 퓨리
346	그린 고블린
347	조니 스톰
348	케니 '콩' 할란
349	리즈 앨런
350	메리 제인 왓슨
351	피터 파커
352	리처드 파커
353	라이노
354	하이 롤러 조직원
355	하이 롤러 두목
356	하이 롤러 간부
357	실버 세이블
358	세이블 용병
359	샤론 카터
360	쉴드 요원
361	쇼커
362	얀시 스트리트 조직원
363	얀시 스트리트 두목
364	얀시 스트리트 간부
365	스파이더맨
366	에이드리언 툼스
367	볼리바 트라스크
368	베놈
369	울버린
370	복장 갤러리
371	아라크노맨
372	피터 파커
373	피터 파커 후드
374	스파이더맨
375	블랙 슈트
376	레슬링
377	맨얼굴
378	명소
379	백스터 빌딩
380	데일리 뷰글
381	닥터 스트레인지의 생텀 생토럼
382	이스트사이드 터널
383	엠파이어 스테이트 미술관
384	엠파이어 스테이트 대학
385	라트베리아 대사관
386	미드타운 고등학교
387	파크 캐슬
388	파커의 집
389	퀸즈버러 다리
390	리드 리처즈 과학 센터
391	자유의 여신상
392	그 장소
393	트라스크 타워
394	아버지의 자부심
395	몸풀기
396	식사 시간
397	엉망진창
398	코뿔소처럼. 하지만 더 크게.
399	지울 수 없는 것
400	현장 학습
401	한판 붙기
402	추격
403	내 것
404	멋진 슈트
405	고층 빌딩 전투
406	대탈출
407	18세 이상
408	표본
409	광기
410	구출
411	형제
412	최후의 전투
413	좋아!
414	훌륭해!
415	멋져!
416	환상적이야!
417	놀라워!
418	눈부셔!
419	최고야!
420	동메달\n획득!
421	은메달\n획득!
422	금메달\n획득!
423	얼티밋 메달\n획득!
424	승리!
425	~circle 계속하기
426	준비
427	대기
428	출발!
429	필살기!!!
430	저장 데이터
431	모든 아이콘
432	스파이더맨
433	베놈
434	도움이 필요한 시민
435	적
436	보스
437	전투 투어
438	병원
439	미션
440	레이스
441	조니 스톰\n레이스
442	1월
443	2월
444	3월
445	4월
446	5월
447	6월
448	7월
449	8월
450	9월
451	10월
452	11월
453	12월
454	저장 중입니다. 전원을 끄거나 리셋하지 마세요.\n메모리 카드 슬롯 1의\n"PlayStation 2" 전용 메모리 카드(8MB)나\n컨트롤러를 빼거나 꽂지 마세요.
455	덮어쓰는 중입니다. 전원을 끄거나 리셋하지 마세요.\n메모리 카드 슬롯 1의\n"PlayStation 2" 전용 메모리 카드(8MB)나\n컨트롤러를 빼거나 꽂지 마세요.
456	불러오는 중입니다.\n전원을 끄거나 리셋하지 마세요.\n메모리 카드 슬롯 1의\n"PlayStation 2" 전용 메모리 카드(8MB)나\n컨트롤러를 빼거나 꽂지 마세요.
457	포맷 중입니다.\n전원을 끄거나 리셋하지 마세요.\n메모리 카드 슬롯 1의\n"PlayStation 2" 전용 메모리 카드(8MB)나\n컨트롤러를 빼거나 꽂지 마세요.
458	X
459	X
460	아날로그 컨트롤러(DUALSHOCK 2)가\n연결되어 있지 않습니다. 컨트롤러 단자%i에\n아날로그 컨트롤러(DUALSHOCK 2)를\n바르게 연결한 뒤 ~circle 버튼을 누르세요.
461	아날로그 컨트롤러(DUALSHOCK 2)가\n연결되어 있지 않습니다. 컨트롤러 단자%i에\n아날로그 컨트롤러(DUALSHOCK 2)를\n바르게 연결한 뒤 ~circle 버튼을 누르세요.
462	슬롯 1의 "PlayStation 2" 전용\n메모리 카드(8MB)에 공간이 부족합니다.\n저장하려면 %dKB 이상의 빈 공간이 필요합니다.\n저장하지 않고 계속하시겠습니까?
463	슬롯 1의 "PlayStation 2" 전용\n메모리 카드(8MB)에 공간이 부족합니다.\n%dKB 이상의 빈 공간이 있는 메모리 카드를\n넣거나 본체의 브라우저 화면에서\n필요한 공간을 확보해 주세요.
464	"PlayStation 2" 전용 메모리 카드(8MB)가\n손상되었습니다.
465	저장 데이터가 손상되었을 수 있습니다.\n이 데이터를 덮어쓰시겠습니까?
466	X
467	슬롯 1의 "PlayStation 2" 전용\n메모리 카드(8MB)가 포맷되지 않았습니다.\n포맷하시겠습니까?
468	진동
469	슬롯 1의 "PlayStation 2" 전용\n메모리 카드(8MB)를 확인하고 다시 시도하세요.
470	슬롯 1의 "PlayStation 2" 전용\n메모리 카드(8MB)를 확인하고 다시 시도하세요.
471	슬롯 1의 "PlayStation 2" 전용\n메모리 카드(8MB)에\n얼티밋 스파이더맨 저장 데이터가 없습니다.
472	확인 중입니다.\n전원을 끄거나 리셋하지 마세요.\n메모리 카드 슬롯 1의\n"PlayStation 2" 전용 메모리 카드(8MB)나\n컨트롤러를 빼거나 꽂지 마세요.
473	이 저장 데이터를 덮어쓰시겠습니까?
474	메모리 카드 슬롯 1에\n"PlayStation 2" 전용 메모리 카드(8MB)가\n들어 있지 않습니다.
475	빈 저장 데이터
476	메모리 카드 화면으로
477	~circle 계속하기
478	슬롯 1에 "PlayStation 2" 전용\n메모리 카드(8MB)가 없습니다. 저장하려면\n%dKB 이상의 빈 공간이 있는\n메모리 카드를 넣어 주세요.\n저장하지 않고 계속하려면\n~circle 버튼을 누르세요.
479	X
480	슬롯 1의 "PlayStation 2" 전용\n메모리 카드(8MB)를 확인하고 다시 시도하세요.
481	슬롯 1의 "PlayStation 2" 전용\n메모리 카드(8MB)를 포맷하시겠습니까?
482	슬롯 1의 "PlayStation 2" 전용\n메모리 카드(8MB)를 확인하고 다시 시도하세요.
483	년
484	월
485	일
486	ST ERROR TEXT ENG PS2
487	~triangle
488	~circle
489	~square
490	~cross
491	왼쪽 스틱으로 달려 빛기둥으로 가라.
492	벽을 향해 달리면 자동으로 벽을 오른다.\n이 벽을 올라가라.
493	~cross 버튼으로 점프한다.\n~cross 버튼을 두 번 누르면 더 높이 뛴다.\n달리다가 점프해서 옆 건물로 가라.
494	~r2 버튼을 누르고 있으면 스윙한다.\n~r2 버튼으로 거미줄을 쏴라.\n왼쪽 앞의 빛기둥을 지나 스윙하라.
495	악당 %d명을 쓰러뜨렸다.
496	비밀 8개 중 %d개 발견. 멋진데!
497	만화 표지 토큰 %d개 중 %d개 발견. 새 만화 표지가 해제됐다!
498	모든 만화 표지 토큰을 찾았다!
499	모든 명소 토큰을 찾았다!
500	모든 마블 토큰을 찾았다!
501	모든 비밀 토큰을 찾았다!
502	풍경 토큰 %d개 중 %d개 발견!
503	명소 토큰 %d개 중 %d개 발견!
504	비밀 토큰 %d개 중 %d개 발견!
505	새 만화 표지가 해제됐다!
506	새 명소 정보가 해제됐다!
507	새 콘셉트 아트가 해제됐다!
508	새 복장이 해제됐다!
509	베놈이 해제됐다!
510	다시 도전?
511	이 레이스에 다시 도전하시겠습니까?
512	스토리 모드를 계속하시겠습니까?
513	베놈으로 플레이하시겠습니까?
514	울버린과 팀을 이루시겠습니까?
515	다른 사람과 팀을 이루시겠습니까?
516	이 미션에 다시 도전하시겠습니까?
517	실패!
518	~circle 버튼으로 물건을 잡아라!
519	~circle 버튼으로 문을 열어라!
520	~circle 버튼으로 사람을 구하라!
521	~circle 버튼으로 사람을 내려놓아라!
522	~l2 버튼과 ~r2 버튼을 번갈아 연타하라!
523	~l2 버튼을 길게 눌러 에너지를 흡수하라!
524	시간 안에 다음 빛기둥으로 가라!
525	스파이더 센스!
526	(스파이더 센스!)\n스파이더 센스가 발동하면\n~cross 버튼을 길게 눌러 위험을 피해라!
527	전투!
528	(싸워라!)\n~square 버튼으로 주먹, ~triangle 버튼으로 발차기!
529	탈출!
530	(탈출하라!)\n~l2 버튼과 ~r2 버튼을 번갈아 연타해\n베놈의 손아귀에서 벗어나라!
531	스파이더 센스가 발동하면\n~cross 버튼을 길게 눌러라!
532	좋아!
533	대단해!
534	완벽해!
535	더 높이!
536	벽 반동 공격!
537	(벽 점프!)\n왼쪽 스틱을 벽 쪽으로 밀고\n~square 버튼이나 ~triangle 버튼으로 벽 반동 공격!
538	길 찾기!
539	(목표를 향해!)\n빛기둥으로 가라!\n빛기둥과 화살표는 항상\n어디로 가야 할지 알려 준다!
540	벽 타기!
541	(벽을 타라!)\n벽을 향해 달리며 ~circle 버튼을 누르면\n피터가 벽에 붙어 이동할 수 있다!
542	점프! (1)
543	(점프! 1)\n~cross 버튼으로 점프!\n~cross 버튼을 오래 누를수록 더 높이 뛴다!
544	점프! (2)
545	(점프! 2)\n공중에서 ~cross 버튼을 다시 누르면\n이단 점프를 할 수 있다!
546	웹 집!
547	(웹 집!)\n~l2 버튼과 ~r2 버튼을 동시에 눌러 웹 집!
548	웹 스윙! (1)
549	(웹 스윙! 1)\n~r2 버튼을 길게 누르면 스윙한다!\n~r2 버튼을 놓으면 거미줄을 놓는다!
550	거미줄 공격! (1)
551	(거미줄 공격! 1)\n~l2 버튼을 누르면 적을 잠시 묶어\n움직이지 못하게 한다!
552	거미줄 공격! (2)
553	(거미줄 공격! 2)\n~l2 버튼을 길게 누른 뒤 ~cross 버튼으로\n악당을 가로등에 매달아라!
554	전투 요령!
555	(전투 요령!)\n적을 벽이나 다른 악당에게\n부딪치게 해 추가 피해를 줘라!
556	적 제압!
557	(적을 제압하라!)\n쓰러진 적이 일어나기 전에\n적을 향해 ~l2 버튼을 눌러 묶어라!
558	빛기둥으로 가라.
559	다음 빛기둥까지 웹 집으로 가라!
560	다음 빛기둥까지 웹 스윙으로 가라!
561	트릭 레이스!
562	(트릭 레이스!)\n지시에 따라 이동하라!\n웹 스윙과 웹 집을 활용해\n빠르게 완주하고 메달을 따내라!
563	조니 스톰 레이스!
564	(조니 스톰 레이스!)\n판타스틱 포의 조니 스톰과 경주다!\n~square 버튼으로 시작!
565	이동!
566	(베놈의 이동!)\n~r2 버튼으로 멀리 점프한다.\n~r2 버튼을 오래 누를수록\n베놈은 더 멀리 뛴다!
567	촉수 이동!
568	(촉수를 이용한 이동!)\n~l2 버튼과 ~r2 버튼을 누르면 베놈이\n촉수로 몸을 건물 쪽으로 당긴다.
569	흡수!
570	(흡수!)\n베놈 슈트에는 에너지가 필요하다!\n먹잇감을 향해 ~l2 버튼을 길게 눌러\n에너지를 흡수하라.\n~l2 버튼을 오래 누를수록\n더 많은 에너지를 흡수한다!
571	베놈의 전투!
572	(베놈의 공격!)\n~square 버튼은 발톱, ~triangle 버튼은 촉수 공격!\n~circle 버튼으로 적을 잡을 수 있다.
573	흡수를 연습하라!
574	제한 시간 안에 주변의 모든\n대상에게서 에너지를 흡수하라.
575	힘겨루기!
576	(힘겨루기!)\n~l2 버튼과 ~r2 버튼을 번갈아 연타해\n화살표를 초록색 부분으로 옮겨라.
577	구조! (1)
578	(구조! 1)\n~circle 버튼으로 위험에 처한\n사람들을 구하라!
579	구조! (2)
580	(구조! 2)\n구조한 시민의 테두리가 빨간색이면\n내려놓기에 위험하다!\n초록색이 되면 ~circle 버튼을 눌러라!
581	구조! (3)
582	(구조! 3)\n파랗게 빛나는 표시에서는\n스파이더맨이 행동할 수 있다.\nTV 곁으로 가서 ~circle 버튼을 눌러라.
583	힘겨루기 요령!
584	(힘겨루기 요령!)\n~l2 버튼과 ~r2 버튼을 번갈아 연타해\n화살표를 초록색 부분으로 옮겨라.
585	구조대에게 가라!
586	TV를 들어 올려라!
587	도둑을 잡아라!
588	차를 들어 올려라!
589	그녀를 구덩이에서 구하라!
590	그를 구하라!
591	식당 안의 모두를 구하라!
592	경찰관을 도와라!
593	불을 꺼라!
594	~circle 버튼으로 스위치를 작동시켜라!
595	라이노 등 뒤의 약점을 공격하라!
596	차 던지기!
597	(차를 던져라!)\n차를 무기로 쓰려면 ~circle 버튼을 눌러라!\n~circle 버튼을 두 번 빠르게 누르면\n곧바로 던질 수 있다!
598	고블린이 도망간다!
599	일렉트로가 도망간다!
600	일렉트로를 쫓아라! 놓치지 마라!
601	일렉트로를 놓쳤다!
602	네온사인과 영상 화면은 부술 수 있다!
603	~circle 버튼으로 차를 잡아 던져라!
604	일렉트로가 스파이더맨을 공격하지 못하게 하라!
605	누군지는 몰라도 놓치지 마라!
606	계속 움직여라! 멈추지 마라!
607	세이블의 부하를 쓰러뜨려라!
608	최대한 빨리 용병들을 쓰러뜨려라!
609	녀석이 달아난다!
610	구덩이에서 떨어져라!
611	에디가 달아난다!
612	에디가 실버를 해치지 못하게 하라!
613	에디가 트라스크를 죽이지 못하게 하라!
614	도시 목표!
615	(도시 목표!)\n도시 목표를 달성하면\n스토리를 진행할 수 있다.\n일시 정지 메뉴의 도시 목표에서\n다음 할 일을 확인하라!
616	미니맵!
617	(미니맵!)\n미니맵의 빨간 점은\n도시 이벤트가 진행 중이라는 뜻이다.\n시민을 돕고 영웅이 되어라!
618	스토리!
619	(스토리!)\n새 챕터를 플레이할 수 있다!\nSELECT 버튼을 눌러\n도시 지도에서 빛기둥을 찾아라.
620	차량 전투!
621	(차량 전투!)\n~square 버튼으로 차를 공격하라!\n총을 든 동승자를 조심하고\n왼쪽 스틱으로 공격을 피해라!
622	속도를 높이는 차 위로 뛰어올라라!
623	~square 버튼으로 차를 공격하라.
624	왼쪽 스틱으로 적의 공격을 피해라.
625	지갑을 주인에게 돌려줘라!
626	매달린 사람에게 다가가 ~circle 버튼을 눌러라!
627	병원으로 향하는 화살표를 따라가라!
628	차량 절도!
629	(차량 절도!) 갱단이 여러 대의 차를 훔쳤다! 도난 차량을 모두 세우고 도둑을 제압하라!
630	폭탄마!
631	(폭탄마!) ~circle 버튼으로 폭탄을 해체하라.
632	스파이디 택시!
633	(스파이디 택시!) 가야 할 곳과 구해야 할 사람들. 화려한 활약도 좋지만 곤경에 처한 뉴욕 시민을 돕는 일도 중요하다. 시민이 가야 할 곳으로 데려다줘라!
634	탈옥!
635	(탈옥!) 위험한 죄수들이 탈옥해 도시로 흩어졌다! 서둘러 모두 잡아라!
636	차 던지기: 목표 모드!
637	(차 던지기: 목표 모드!) 제한 시간 안에 목표 수만큼 차를 부숴라. ~circle 버튼을 두 번 눌러라!
638	차 던지기: 시간제 모드!
639	(차 던지기: 시간제 모드!)\n시간이 끝나기 전에 최대한\n많은 차를 부숴라! 차에 다가가\m~circle 버튼으로 들어 올려라!\n차를 든 상태에서 오른쪽 스틱으로\n조준할 수 있다!\n~circle 버튼을 두 번 빠르게 누르면\n곧바로 던진다!
640	차 던지기: 생존 모드!
641	(차 던지기: 생존 모드!)\n베놈이 에디 브록을 삼키거나\n시간이 끝나기 전에\n목표 수만큼 차를 부숴라.\n차에 다가가 ~circle 버튼으로 들어라!\n~circle 버튼을 두 번 빠르게 누르면\n곧바로 던질 수 있다!
642	차 %d대를 부숴라!
643	차 %d대를 부쉈다!
644	총 %d대의 차를 부쉈다!
645	신기록!
646	기록을 경신하지 못했다!
647	차 %d대 파괴가 현재 최고 기록이다!
648	%f 동안 살아남았다!
649	제한 시간 안에 차 %d대를 부수지 못했다!
650	식사 시간!
651	최대한 많은 사람에게서\n에너지를 흡수하라!\n~l2 버튼으로 에너지를 흡수한다.\n오래 누를수록 먹잇감에게서\n더 많은 에너지를 얻는다.
652	제한 시간 안에 목표 수만큼 에너지를 흡수하라!
653	%d명에게서 에너지를 흡수한 것이 최고 기록이다!
654	%d명에게서 에너지를 흡수하라!
655	%d명에게서 에너지를 흡수했다!
656	%d명의 에너지를 흡수했다!
657	%d명에게서 에너지를 흡수한 것이 최고 기록이다!
658	%d명의 에너지를 흡수하지 못했다!
659	현재 최고 기록은 %d : %d!
660	%d : %fd 걸렸다!
661	축하한다!
662	신기록! %z보다 빨리 완주하면 동메달을 얻는다!
663	신기록! %z보다 빨리 완주하면 은메달을 얻는다!
664	신기록! %z보다 빨리 완주하면 금메달을 얻는다!
665	신기록! %z보다 빨리 완주하면 얼티밋 메달을 얻는다!
666	네 실력은 이 정도가 아니잖아! 최고 기록은 %z!
667	더 잘할 수 있어! %z보다 빨리 완주하면 얼티밋 메달을 얻는다!
668	더 잘할 수 있어! %z보다 빨리 완주하면 금메달을 얻는다!
669	%z보다 빨리 완주하면 은메달을 얻는다!
670	%z보다 빨리 완주하면 동메달을 얻는다!
671	%z보다 빨리 완주하면 은메달을 얻는다!
672	%z보다 빨리 완주하면 금메달을 얻는다!
673	%z보다 빨리 완주하면 얼티밋 메달을 얻는다!
674	레이스에서 승리했다!
675	최고 기록 %z를 깼다!
676	더 잘할 수 있잖아! 네 최고 기록은 %z!
677	쉬움 레이스를 모두 완료했다!
678	보통 레이스를 모두 완료했다!
679	어려움 레이스를 모두 완료했다!
680	극한 레이스를 모두 완료했다!
681	시간 종료!
682	레이스 실패!
683	레이스 완료!
684	내 기록: %z
685	다음 기술: 구체 안으로 들어가라!
686	다음 기술: 구체 안의 바닥에 착지하라!
687	다음 기술: 구체 안에서 벽 점프! 벽에 붙어 ~cross 버튼을 눌러라!
688	다음 기술: 기둥 주위를 스윙하라! ~cross 버튼으로 기둥을 잡아라!
689	다음 기술: 구체 안의 벽에 붙어라!
690	다음 기술: 고리를 통과하라!
691	다음 기술: 발판에 착지하라!
692	다음 기술: 헬리콥터를 격추하라!
693	다음 기술: 목표를 제압하라!
694	~square 버튼으로 레이스 시작!\n난이도: %s 메달: %s
695	얼티밋!
696	금!
697	은!
698	동!
699	없음!
700	극한!
701	어려움!
702	보통!
703	쉬움!
704	내 기록: %z\n최고 기록: %z\n동메달 기록: %z\n\n다시 도전하시겠습니까?
705	내 기록: %z\n최고 기록: %z\n은메달 기록: %z\n\n다시 도전하시겠습니까?
706	내 기록: %z\n최고 기록: %z\n금메달 기록: %z\n\n다시 도전하시겠습니까?
707	내 기록: %z\n최고 기록: %z\n얼티밋 기록: %z\n\n다시 도전하시겠습니까?
708	내 기록: %z\n최고 기록: %z\n\n다시 도전하시겠습니까?
709	레이스 기록!
710	최고 기록: %z\n얼티밋: %z\n금: %z\n은: %z\n동: %z
711	최고 기록: %s\n얼티밋: %z\n금: %z\n은: %z\n동: %z
712	최고 기록이 없다!
713	기둥 스윙 남은 횟수: %d회!
714	트릭 레이스(쉬움)가 해제됐다!
715	트릭 레이스(보통)가 해제됐다!
716	트릭 레이스(어려움)가 해제됐다!
717	트릭 레이스(극한)가 해제됐다!
718	백스터 빌딩 꼭대기에서 조니 스톰이 기다린다!
719	조니 스톰보다 먼저 빨간 구슬을 모두 통과하라!
720	조니 스톰의 도전을 모두 완료했다!
721	%d개 중 %d개 획득!
722	비밀 토큰!
723	(비밀 토큰!) 비밀 토큰을 찾았다!\n더 많은 비밀 토큰을 모아\n스토리를 진행하고\n새 복장을 해제하라!
724	명소 토큰!
725	(명소 토큰!)\n명소 토큰을 찾았다!\n더 많은 명소 토큰을 모아\n스토리를 진행하고 새 복장을 해제하라!
726	만화 표지 토큰!
727	(만화 표지 토큰!)\n만화 표지 토큰을 찾았다!\n보너스 메뉴에서 확인하라!
728	얀시 스트리트 갱단!
729	(얀시 스트리트 갱단!)\n퀸즈에 자리 잡은 이 갱단은\n영국에서 쫓겨난 악당들이다.\n분별없고 무모하기로 유명하지만\n뉴욕 사람들은 이들을\n위협적이기보다는\n성가신 녀석들로 여긴다.
730	다이캐스트!
731	(다이캐스트!)\n업타운에 자리 잡은 부유층으로\n주말에만 폭도로 돌변한다.\n암시장의 기계로 몸을 강화하는\n데 빠져 있다. 진짜 사이보그가\n될 형편이 안 되는 자들은\n통신 판매로 산 첨단 장비를 쓴다.
732	하이 롤러!
733	(하이 롤러!)\n미드타운의 응석받이들로\n머리는 비었지만 돈과 총은 많다.\n엄청난 화력을 갖추고 있으며\n총의 위력을 시험하고 싶어\n안달이 나 있다.
734	메이화방!
735	(메이화방!)\n다운타운을 철권으로 지배하는\n무술가 집단이다.\n뉴욕의 다른 갱단들과\n가장 다른 점은\n우두머리가 모두 여성이라는 것.
736	녀석을 놓쳤다!\n이 미션에 다시 도전하시겠습니까?
737	시민이 다쳤다!\n이 미션에 다시 도전하시겠습니까?
738	스파이더맨이 쓰러졌다!\n이 미션에 다시 도전하시겠습니까?
739	베놈이 쓰러졌다!\n이 미션에 다시 도전하시겠습니까?
740	베놈 슈트의 에너지가 바닥났다!\n다시 도전하시겠습니까?
741	웹 스윙! (2)
742	(웹 스윙! 2)\n스윙 중 ~square 버튼으로 가속!\n~triangle 버튼으로 거미줄을 올라간다!
743	웹 스윙! (3)
744	컷
745	카메라!
746	(카메라!) R3 버튼으로 카메라 위치를 고정하거나 해제할 수 있다!
747	베놈을 학교에서 유인하라!
748	도시 이벤트 - 성공
749	도시 이벤트 - 실패
750	매달린 사람에게 다가가 ~circle 버튼을 눌러라!
751	~circle 버튼으로 매달린 사람을 내려라!
752	경찰에게 다가가 ~circle 버튼으로 도와라!
753	스파이더맨이 쓰러졌다!
754	베놈이 쓰러졌다!
755	화살표를 따라 빛기둥으로 가라!
756	베놈 벽 타기!
757	(베놈 벽 타기!)\n벽을 향해 달리면서\n~circle 버튼을 누르면\n베놈이 벽에 붙어 이동한다!
758	도시 목표 달성!\n일시 정지 메뉴의 도시 목표에서\n남은 목표를 확인할 수 있다.
759	새 도시 목표 발생!\n일시 정지 메뉴의\n도시 목표에서 확인하라!
760	새 스토리 미션을\n플레이할 수 있다!
761	일시 정지 메뉴의 도시 목표에서\n아직 달성하지 못한\n목표를 확인하라!
762	전투 투어!
763	(전투 투어!)\n지시에 따라 갱단을 쓰러뜨려라!\n~square 버튼으로 시작!
764	전투 투어가 해제됐다!
765	전투 투어를 완료했다!
766	전투 투어(어려움)가 해제됐다!
767	메시지 기록!
768	(메시지 기록!)\n모든 메시지는 메시지 기록에\n남는다. 일시 정지 메뉴에서\n다시 확인할 수 있다!
769	학교로 가라!
770	(후방 공격!) ~square 버튼에 이어 ~circle 버튼을 누르면 후방 공격을 한다.
771	백브레이커 기술 해제!
772	최고 점수: %d\n내 점수: %d
773	베놈 격퇴!
774	던지기!
775	(오토바이 던지기!)\n오토바이에 다가가 ~circle 버튼을\n누르면 던질 수 있다!
776	~square 버튼으로 차를 공격하라!\n제어 불능의 차를 세워라!
777	스윙 속도 업그레이드!
778	스윙 속도\n레벨 2\n해제!
779	스윙 속도\n레벨 3\n해제!
780	스윙 속도\n레벨 4\n최고 속도 해제!
781	체력 업그레이드!
782	스파이더맨의 최대 체력이 늘었다!
783	전투 업그레이드!
784	(전투 업그레이드!)\n스파이더맨이 4연속 콤보를\n쓸 수 있게 됐다!
785	(전투 업그레이드!)\n스파이더맨이 공중 2연속 콤보를\n쓸 수 있게 됐다!
786	(전투 업그레이드!)\n스파이더맨이 5연속 콤보를\n쓸 수 있게 됐다!
787	일렉트로의 스파이더맨 공격을\n막지 못했다!\n다시 도전하시겠습니까?
788	전투 투어 실패!
789	반동 공격!
790	게임 저장!
791	(게임 저장!)\n게임을 저장하려면\n일시 정지 메뉴에서\n게임 저장을 선택하라!
792	베놈의 세이블 공격을\n막지 못했다!\n다시 도전하시겠습니까?
793	(전투 투어!)\n전투 투어다!\n표시를 따라 악당을 쓰러뜨리고\n승리를 거둬라!
794	필요한 도시 이벤트를 모두 완료했다!
795	~circle 버튼으로 벽을 탈 수 있다는 걸 잊지 마라!
796	공격 대상을 바꾸면\n더 큰 피해를 줄 수 있다!
797	~square 버튼과 ~triangle 버튼을 조합해\n더 큰 피해를 줘라!
798	거미줄로는 피해를 줄 수 없다.\n조심하라!
799	전체 지도!
800	(전체 지도!)\nSELECT 버튼을 누르면\n전체 지도로 도시를 볼 수 있다!\n도시 목표에 필요한\n미션을 찾아라!
801	미니맵!
802	(미니맵!) 화면 오른쪽 아래에 미니맵이 있다! 초록 아이콘은 스토리 미션, 빨간 아이콘은 적이나 도시 이벤트를 뜻한다! 아이콘 아래의 막대는 목적지의 높이다. 길수록 지상에서 더 높은 곳에 있다!
803	고급 전투 기술!
804	(고급 전투 기술!)\n~circle 버튼 다음 ~square 버튼으로\n적의 얼굴을 바닥에 처박아라!\n~circle 버튼, ~circle 버튼 순으로 눌러 적을 던져라!\n~square 버튼 다음 ~circle 버튼은 후방 공격!
805	다른 시민을 구하는 것도 잊지 마라!
806	챕터 1: 무력함
807	3개월 후
808	도주 중!
809	꼼짝 마!
810	미국 해안에서 200마일
811	몇 분 후...
812	파커의 집
813	해안에서 수 마일
814	그 시각...
815	슈트!
816	그 시각...
817	그 시각...
818	그보다 앞서...
819	그 후...
