いいぞ	좋아!
いたぞ	저기 있다!
見ろ	봐!
こい!	덤벼!
よし!	좋아!
今だ!	지금이다!
元気?	잘 지내?
化け物	괴물!
危ない	위험해!
待て!	멈춰!
急げ!	서둘러!
撃て!	쏴라!
撤退!	후퇴!
攻撃!	공격!
早く!	빨리!
来い!	덤벼!
殺せ!	죽여!
無理だ	안 되겠어.
燃えろ	타 버려라!
痛い!	아야!
痛え!	아야!
痛っ!	아야!
腕が!	내 팔!
行け!	가!
誰だ!	누구냐!
誰だ?	누구지?
隠れろ	숨어!
離せ!	놔!
頭が!	머리가!
いいか?	알겠나?
いいぜ!	좋아!
いくぜ!	간다!
いくぞ!	간다!
お前だ!	바로 너!
かかれ!	덤벼라!
くずめ!	쓰레기 같은 놈!
くっそ!	젠장!
くらえ!	받아라!
すげー!	굉장해!
すごい!	굉장해!
すごいよ	대단한데!
すべる!	미끄러워!
そこだ!	거기다!
そんな…	그럴 수가...
どうだ!	어떠냐!
どこだ!	어디 있지!
どこに?	어디에?
なによ?	뭐야?
なんだ?	뭐지?
なんで?	왜?
ふせろ!	엎드려!
まずい!	큰일이야!
まずいぞ	큰일인데.
まただ!	또야!
まただ…	또야...
まだまだ	아직 멀었어!
もう帰る	이제 돌아갈래.
やった!	해냈어!
やばい!	큰일이야!
やばい…	큰일인데...
やめて!	그만해!
やめろ!	그만둬!
やるぞ!	간다!
よーし!	좋았어!
ダメだ!	안 돼!
ダメだ…	안 돼...
ダメッ!	안 돼!
ヤバイ!	큰일이야!
ヤバイ…	큰일인데...
一発目!	첫 방이다!
上だぞ!	위다!
下がれ!	물러서!
伏せろ!	엎드려!
俺がやる	내가 하지.
出てけ!	나가!
助かった	살았다!
助けて!	살려 줘!
動くな!	움직이지 마!
勝った!	이겼다!
危ない!	위험해!
命中だ!	명중이다!
外した?	빗나갔나?
急いで!	서둘러!
急げよ!	서두르라고!
捨てろ!	버려!
撃つぞ!	쏜다!
撃つな!	쏘지 마!
撤収だ!	철수한다!
来るぞ!	온다!
来るな!	오지 마!
止めろ!	막아!
正気か?	제정신이야?
死ねえ!	죽어라!
無理だ!	안 되겠어!
無理だ…	안 되겠어...
痛いぞ!	아프잖아!
痛いなぁ	아프네.
行くぞ!	간다!
警察だ!	경찰이다!
逃げて!	도망쳐!
逃げろ!	도망쳐!
開けろ!	열어!
降りろ!	내려!
隠れろ!	숨어!
集まれ!	모여!
離れろ!	떨어져!
頑張れよ	힘내.
頼むよ!	부탁이야!
頼むよ…	제발...
顔面だ!	얼굴을 노려!
食らえ!	받아라!
馬鹿な!	말도 안 돼!
馬鹿め!	멍청한 놈!
あ、痛っ!	앗, 아야!
あそこだ!	저기다!
ありがとう	고마워.
あれを見ろ	저것 봐.
いいだろう	좋다.
いけるぞ!	할 수 있어!
うるせぇ!	시끄러워!
お、来た!	오, 왔다!
お願いだ!	부탁이야!
こいつめ!	이 녀석!
こっちだ!	이쪽이야!
このくずが	이 쓰레기 같은 놈!
これで二人	이걸로 두 명.
すごいぞ!	굉장해!
すごいよ!	굉장한데!
すごいわ!	대단해!
ちょっと!	잠깐!
どうした?	왜 그래?
なんだよ!	뭐야!
ふせてろ!	엎드려 있어!
ぶっ壊せ!	박살 내!
まずいぞ!	큰일이야!
まずいな…	큰일인데...
まだまだ!	아직 멀었어!
やったぞ!	해냈다!
やめてくれ	그만해 줘.
やめろって	그만하라고.
やめろー!	그만해!
やられた!	당했다!
よっしゃ!	좋았어!
パンチだ!	주먹이다!
上にいる!	위에 있다!
上に行くぞ	위로 간다.
交代しろ!	교대해!
仕留めろ!	해치워!
何なのよ!	뭐야, 대체!
何の匂い?	무슨 냄새지?
作戦失敗!	작전 실패!
作戦成功!	작전 성공!
俺がやる!	내가 하지!
倒すんだ!	쓰러뜨려!
全員どけ!	모두 비켜!
制圧しろ!	제압해!
助かったよ	덕분에 살았어.
助けてやれ	도와줘.
効かない?	안 통하나?
勝てねぇ…	못 이기겠어...
後退しろ!	후퇴해!
悪くないな	나쁘지 않군.
懐かしいな	그립네.
指が痛いよ	손가락이 아파.
早くしろ!	빨리 해!
早く来い!	빨리 와!
早すぎる!	너무 빨라!
来るんだ!	이리 와!
構わないわ	상관없어.
準備完了!	준비 완료!
目標は上だ	목표는 위에 있다.
目標ダウン	목표 제압.
終わった!	끝났다!
膝まづけ!	무릎 꿇어!
落ち着け!	진정해!
車から出ろ	차에서 나와.
車に戻れ!	차로 돌아가!
逃げなきゃ	도망쳐야 해.
逃げるぞ!	도망가자!
速すぎる!	너무 빨라!
あ、あれは!	앗, 저건!
あ、危ない!	앗, 위험해!
あっち行け!	저리 가!
ありがとう!	고마워!
あれを見ろ!	저것 봐!
お馬鹿さん!	바보 같긴!
この負け犬!	이 패배자!
これで全部だ	이걸로 전부야.
さぁ行くぞ!	자, 간다!
さあ行くぞ!	자, 간다!
その調子だ!	바로 그거야!
だまってろ!	입 다물어!
どうしたの?	무슨 일이야?
どうして!?	어째서!?
なんだあれは	저게 뭐지?
なんてこと…	이럴 수가...
なんてやつだ	정말 굉장한 녀석이군.
なんでもない	아무것도 아니야.
なんなのよ!	뭐야, 대체!
ふせてろー!	엎드려 있어!
もうダメだ!	이젠 끝이야!
もう十分だ!	이제 충분해!
もう大丈夫よ	이젠 괜찮아.
もう持たない	더는 못 버텨.
もう限界だ!	이젠 한계야!
やってやれ!	해치워!
やめてくれ!	그만해 줘!
よし、今だ!	좋아, 지금이야!
よし行くぞ!	좋아, 간다!
クソったれ!	빌어먹을!
ナイスだぜ!	잘했어!
何でもない!	아무것도 아니야!
何なんだよ!	뭐야, 대체!
俺は関係ねぇ	난 상관없어.
全員ふせろ!	모두 엎드려!
再起動せよ!	재가동하라!
冗談だよな!	농담이지!
冗談だよな。	농담이지.
助けてくれ!	살려 줘!
危なかったな	위험했어.
大丈夫かい?	괜찮아?
奴を見たか?	녀석을 봤나?
寄るなって!	오지 말라고!
引っ込んでろ	빠져 있어.
後は大丈夫だ	이제 괜찮아.
手をかすよ!	도와줄게!
撤収しよう!	철수하자!
来てみやがれ	어디 덤벼 봐.
止めてくれ!	멈춰 줘!
気をつけろ!	조심해!
気合い入れろ	정신 바짝 차려.
甘かったなぁ	너무 얕봤군.
痛い!痛い!	아야! 아프다고!
目標ダウン!	목표 제압!
納得したか?	이제 알겠나?
素晴らしい…	훌륭하군...
言っただろ!	내가 말했잖아!
言っただろ?	내가 말했지?
誰か助けて!	누가 좀 도와줘!
誰か警察を!	누가 경찰 좀 불러 줘!
近すぎるって	너무 가깝잖아.
逃げるんだ!	도망쳐!
金はどこだ!	돈 어딨어!
金はどこだ?	돈 어딨지?
降りて来い!	내려와!
離してくれ!	놔 줘!
離せってんだ	놓으라고.
頭をあげるな	고개 들지 마.
高さが問題だ	높이가 문제야.
あそこにいる!	저기 있다!
あっちへ行け!	저리 가!
あーまた遅刻だ	아, 또 지각이네.
かかってきな!	덤벼 봐!
こうやるんだ!	이렇게 하는 거야!
これでどうだ!	이건 어떠냐!
これでどうだ?	이건 어때?
これで全部だ!	이걸로 전부야!
こんなの嫌だ!	이런 건 싫어!
さっさと行け!	빨리 가!
どうしたエディ	왜 그래, 에디?
どこ行くんだ?	어디 가?
なんだそれは?	그건 뭐야?
なんてこった!	이럴 수가!
なんてやつだ!	정말 굉장한 녀석이군!
はい、どうぞ!	자, 여기!
ほっといてくれ	날 내버려 둬.
ほらどうした?	왜 그래?
もういいだろ!	이제 됐잖아!
もうたくさんだ	이제 지긋지긋해.
もうちょっとだ	조금만 더.
もう終わりだ!	이젠 끝이야!
もう許さんぞ!	더는 용서 못 해!
やつを見たか?	녀석을 봤나?
やめさせないと	막아야겠어.
やるなら今だ!	하려면 지금이야!
ギブアップだ!	항복이야!
グレネードだ!	수류탄이다!
ブロックを発見	브록 발견.
ホッといてくれ	날 내버려 둬.
一体何なんだ!	대체 뭐야!
事件はどこだ?	사건은 어디 있지?
仕事に行くか!	일하러 가 볼까!
何してるんだ?	뭐 하는 거야?
何のつもりだ?	무슨 속셈이야?
何やってんだ!	뭐 하는 거야!
何をするんだ!	무슨 짓이야!
全部片付いたな	전부 처리했군.
危なかったな!	위험했어!
反則だよ今のは	방금 건 반칙이잖아.
市民を殴るなよ	시민을 때리면 안 되지.
当たってくれ!	맞아라!
急げ!急げよ!	서둘러! 빨리!
来てみやがれ!	어디 덤벼 봐!
気をつけろよ!	조심하라고!
知ったことか!	내가 알 게 뭐야!
素直になりなよ	솔직해져 봐.
警察を呼んで!	경찰을 불러 줘!
道を開けろって	길을 비키라고.
離れろってんだ	떨어지라고.
いい加減にしろ!	적당히 좀 해!
こいつはまずい!	이거 큰일인데!
こいつはまずい…	이거 큰일인데...
ここから逃げろ!	여기서 도망쳐!
こっちは準備OK	난 준비됐어.
これでも食らえ!	이것도 받아라!
これで終わりだ!	이걸로 끝이다!
これはチャンスだ	지금이 기회야.
そいつから離れろ	녀석에게서 떨어져.
そこから降りな!	거기서 내려와!
ちょっとタイム!	잠깐, 타임!
ちょっと待った!	잠깐만!
ちょっと待って!	잠깐만 기다려!
どういうことだ!	무슨 일이야!
どうなってんだ?	어떻게 된 거지?
ほっといてくれ!	날 내버려 둬!
ほら、どうした?	왜 그래?
またレーザーかよ	또 레이저야?
まもなく一階です	곧 1층입니다.
もうたくさんだ!	이제 지긋지긋해!
もうちょっとだ!	조금만 더!
やるじゃないか!	제법인데!
よっしゃ行くぞ!	좋아, 간다!
エディが逃げるぞ	에디가 도망간다!
スパイダーマン!	스파이더맨!
ブロックがいるぞ	브록이 저기 있다!
ヘルズキッチンだ	헬스 키친이네.
ラトベリア大使館	라트베리아 대사관.
丸焼きにしてやる	통구이로 만들어 주마.
僕も忙しいからね	나도 바쁘거든.
必ず助けるから!	꼭 구해 줄게!
本気でやってる?	제대로 하는 거야?
死んじゃダメだ!	죽으면 안 돼!
火花が消えたぞ!	불꽃이 사라졌어!
精一杯急いでるよ	최대한 서두르고 있어.
赤は止まれだろ!	빨간불이면 멈춰야지!
追いついて来いよ	따라와 봐.
運動不足だったな	운동이 부족했군.
金なら持ってる!	돈이라면 있어!
頼むやめてくれ!	제발 그만해 줘!
顔はやめてくれ!	얼굴은 때리지 마!
あとほんの数秒だ!	몇 초만 더 버텨!
いい加減にしてよね	적당히 좀 해.
これはチャンスだ!	지금이 기회야!
しっかり捕まれよ!	꽉 잡아!
ちょっと、君たち!	잠깐, 너희들!
どうなってるんだ?	어떻게 된 거야?
ほどいてあげるよ!	풀어 줄게!
まずは安全な場所へ	우선 안전한 곳으로.
やめるんだエディ!	그만둬, 에디!
スパイダーマンだ!	스파이더맨이다!
タイツのせいだよ!	타이츠 때문이야!
ダメなやつだな僕は	난 참 못났어.
一体何やってんだ!	대체 뭐 하는 거야!
助けを呼んでくる!	도움을 불러 올게!
待ってろ助けてやる	기다려, 구해 줄게.
早まっちゃいけない	성급하게 굴지 마.
滑ってる!助けて!	미끄러져! 살려 줘!
警察を呼んでくれ!	경찰을 불러 줘!
車が爆発しそうだ!	차가 폭발하겠어!
近づくんじゃない!	가까이 오지 마!
近寄るんじゃない!	가까이 오지 마!
邪魔するんじゃない	방해하지 마.
頼む、やめてくれ!	제발, 그만해 줘!
ここは軽くジャンプで	여긴 가볍게 뛰어넘자.
さすがニューヨーク!	역시 뉴욕이야!
さつが来る前に早く!	경찰이 오기 전에 서둘러!
ちょっと待ってくれ!	잠깐만 기다려 줘!
どこへ行きやがった?	어디로 사라진 거야?
どこへ行くつもりだ!	어디로 가려는 거야!
ほんと、ありがとうよ	정말 고마워.
もう一度やってみるか	한 번 더 해 볼까.
もっと早く動かないと	더 빨리 움직여야겠어.
ペースを上げるんだ!	속도를 높여!
僕の勝ち、君の負けだ	내가 이겼고, 넌 졌어.
早く車を寄せるんだ!	빨리 차를 대!
背中の火花が消えたぞ	등의 불꽃이 사라졌어.
高いとこにあがるぞ!	높은 곳으로 올라간다!
これがミッドタウン高校	여기가 미드타운 고등학교야.
はいはい、笑えばいいさ	그래, 그래. 맘껏 웃어라.
まったく何様のつもり?	정말, 자기가 뭐라도 되는 줄 알아?
ネオンが崩れる寸前だ!	네온 간판이 무너지기 직전이야!
僕もスローガンがいるな	나도 구호가 있어야겠어.
安全なところに移ろうか	안전한 곳으로 옮길까.
降りるぞ!捕まってろ!	내려간다! 꽉 잡아!
頑張れ!すぐ行くから!	버텨! 곧 갈게!
頑張れ!もう大丈夫だ!	힘내! 이젠 괜찮아!
おっと、転ぶところだった	이런, 넘어질 뻔했네.
これはあなたのものですね	이거 당신 거죠?
でも本当にいいやつなんだ	그래도 정말 좋은 녀석이야.
やつの注意を引くとするか	녀석의 주의를 끌어 볼까.
エディ、いいかげにしろ!	에디, 적당히 좀 해!
クラブハウスとかあるの?	아지트 같은 것도 있어?
コーヒーショップの窓が!	커피숍 창문이!
バッグを取り返しましたよ	가방을 되찾았어요.
僕らだって人間なんだぞ!	우리도 사람이라고!
僕を怒らせない方がいいよ	날 화나게 하지 않는 게 좋을걸.
悪者の組合でもあるのか?	악당 조합이라도 있는 거야?
燃費はどのくらいなんだ?	연비는 얼마나 나와?
ああ、デイリービューグルだ	아, 데일리 뷰글이네.
こいつをお見舞いしてやる!	이걸 먹여 주마!
これが、スパイダーウェブ!	이것이 스파이더 웹!
これでまた一人戦線離脱だな	이걸로 또 한 명 탈락이군.
たつまきでも通ったみたいだ	토네이도가 지나간 것 같네.
ほらね、やっぱり無駄だった	거봐, 역시 소용없었잖아.
スピード落とさないと怒るぞ	속도 안 줄이면 화낼 거야.
安全なところに避難するんだ	안전한 곳으로 대피해.
後ろの君、楽しんでるかい?	뒤에 있는 너, 재미있어?
明日あたり痛くなりそうだな	내일쯤 아프겠는데.
いつまで悪あがきするつもりだ	언제까지 발버둥 칠 거야?
で、君は逃げられなくなったと	그래서, 이제 못 도망가겠지?
どいてくれ!出血してるんだ!	비켜 줘! 피를 흘리고 있어!
なんであいつを撃たないんだ!	왜 저 녀석은 안 쏘는 거야!
スーツがウェブを吸収してる!	슈트가 거미줄을 흡수하고 있어!
ライターオイルは足りてるの?	라이터 기름은 충분해?
僕ならすぐに撃ってくるくせに	나라면 바로 쐈을 거면서.
逃げても無駄なんだから止まれ!	도망쳐도 소용없으니까 멈춰!
これだからウェブはやめられないよ	이래서 거미줄은 못 끊는다니까.
スイングしたほうがよっぽど早いな	거미줄로 이동하는 게 훨씬 빠르겠네.
キャプテンアメリカはカッコいいよな	캡틴 아메리카는 정말 멋있어.
アルティメッツに入れてもらえないかな	얼티미츠에 들어갈 수 없으려나.
人には知らなくてもいいことがあるから	사람에겐 몰라도 되는 일이 있거든.
でも、本当にそうだとしたら	그런데 정말 그렇다면...
おぉ!お仲間が増えたね	오! 친구가 늘었네.
何しようとしてんだよ	뭘 하려는 거야?
ノーベル暴力賞でも送ってやろうか!	노벨 폭력상이라도 줄까!
これで路上の人々は安全だ。	이제 거리의 사람들은 안전해.
背中の穴が弱点になってそうだ	등에 난 구멍이 약점 같아.
痛いの痛いの飛んでけ!	아픈 것아, 날아가라!
そんなはずない、人生には色々あるはず	그럴 리 없어. 인생엔 더 많은 게 있을 거야.
大人の社会も高校と同じかな	어른들 세상도 고등학교랑 똑같을까?
僕も腕が増えたりするのかも	나도 팔이 더 생길지도 몰라.
一体どうなっちまったんだ	대체 어떻게 된 거야?
平手がお顔にこんにちはだ。	따귀가 얼굴에 인사하네.
で、君はダウンってわけ	그래서, 넌 쓰러진 거고.
ファイアースター…どこだ?	파이어스타... 어디 있지?
僕は地上の地獄って呼んでるけど	난 지상의 지옥이라고 부르지만.
おっと、近すぎるぞ!	이런, 너무 가깝잖아!
僕がスーパーヒーローと知ってるの?	내가 슈퍼히어로인 걸 알아?
でも、もし同じだったら	하지만 만약 똑같다면...
純粋な悪じゃなくてもいいんだ	완전히 악할 필요는 없어.
スーツだけ焼き切ってやろう!	슈트만 태워 주마!
早く大学へ行きたいよ	빨리 대학에 가고 싶어.
それ以上近寄れないんだろ?	더는 가까이 못 오는 거지?
あの人全身岩でできてるのかな	저 사람은 온몸이 바위로 되어 있을까?
誰かに怪我させる前に止まるんだ	누가 다치기 전에 멈춰.
大使館を置くこと自体バカげてるよ	대사관을 두는 것부터 말이 안 돼.
このコスチュームがわかるか?ビビってもいいんだぜ	이 복장이 뭔지 알아? 겁먹어도 돼.
ところでお前正体は何なんだよ	그런데 네 정체는 뭐야?
だったら、僕ちょっと恥ずかしいぞ	그렇다면 좀 창피한데.
上には上がいるってことよ	뛰는 놈 위에 나는 놈이 있는 법이지.
何してんだ!離れろ!	뭐 하는 거야! 떨어져!
お次は一階になります	다음은 1층입니다.
スイングはウェブを握ってた方がうまくいくな	거미줄을 잡고 있어야 잘 이동할 수 있겠네.
もういい加減、たくさんだ	이제 정말 지긋지긋해.
僕の銀行からは取るなよ	내 은행에서는 훔치지 마.
背中の穴を狙わないと	등의 구멍을 노려야겠어.
ちょっとインチキ臭い役者みたいだけどね	좀 엉터리 배우 같긴 하지만.
僕の職場の三流新聞社だ	내가 일하는 삼류 신문사야.
ダークホークの方が君より早いよ	다크호크가 너보다 빠르겠어.
飛べるかい?俺は飛べるぞ!	넌 날 수 있어? 난 날 수 있다고!
だってどう考えてもおかしいだろ	아무리 생각해도 이상하잖아.
エンパイアステート大学まで行って戻るレースだ	엠파이어 스테이트 대학까지 갔다 오는 경주야.
訓練を受けたことないのか?	훈련도 안 받아 봤어?
信号に引っかかってる奴が落ちそうだ!	신호등에 매달린 사람이 떨어지겠어!
勝負だ、化け物野郎!	승부다, 괴물 자식!
あらゆる悪事がこの男につながってる	온갖 악행이 이 남자와 이어져 있어.
愛情を込めてお見舞いしてやる!	사랑을 담아서 먹여 주마!
お腹が出てたらしゃれにならない	배가 나오면 웃을 일이 아니지.
でも半分だけ悪ってのも知らないな	그런데 반만 악하다는 것도 모르겠네.
人生はゲームとは違うんだぞ	인생은 게임과 다르다고.
驚いたな!ついてこられるとは	놀랐는걸! 따라올 줄이야.
見た目通りのバカっぷりだな	생긴 대로 멍청하군.
ね、なんでも経験してみるもんだよ	거봐, 뭐든 경험해 봐야 한다니까.
これ、鬼ごっこなんだよな。	이거 술래잡기 맞지?
お呼びじゃないってか?	불청객이라는 거야?
おやおや、馬鹿同士の喧嘩だ	이런, 바보들끼리 싸우네.
ここに来て2分もう風呂に入りたくなってきた	여기 온 지 2분 만에 벌써 씻고 싶어졌어.
おぉ!ミュータントだ!	오! 뮤턴트다!
一発キツイのお見舞いしてやるか	따끔한 한 방 먹여 줄까.
すばしこいやつだけど負けちゃいられない	날쌘 녀석이지만 질 수는 없지.
でも、あいつらはなかなか、いや、なんでもない	하지만 걔들은 꽤... 아니, 아무것도 아니야.
問題ばかり起こしてくれるけどね	문제만 잔뜩 일으키긴 하지만.
ここはあのデアデビルが出没する場所だ	여긴 그 데어데블이 나타나는 곳이야.
結構ショックじゃないのか?	꽤 충격이지 않아?
ウェブがただだと思うなよ。	거미줄이 공짜인 줄 알아?
でもあの人たちすごいもんな	하지만 그 사람들은 대단하잖아.
ニューヨークもびっくりだな!	뉴욕도 깜짝 놀라겠어!
そろそろ諦めたほうが身のためだぞ	이제 포기하는 게 신상에 좋을 거야.
小遣いもなくなってきたし、いいよ	용돈도 떨어져 가니까, 좋아.
急ごうか!急ごうか!	서둘러 볼까! 빨리!
ウイルソンフィスク別名キングピン	윌슨 피스크. 일명 킹핀이지.
ウェブを握ってなきゃ無理だろうな	거미줄을 잡지 않으면 무리겠지.
これ、失くしましたよね	이거 잃어버리셨죠?
パパにもぶたれたことないのに	아빠한테도 맞아 본 적 없는데.
おいおいアイツら何か取ってったぞ	이봐, 저 녀석들이 뭔가 훔쳐 갔어.
スピードボールの方が君より早いよ	스피드볼이 너보다 빠르겠어.
ぼうや、お昼寝する?	꼬마야, 낮잠 잘래?
何にも勝ったことがないのに	한 번도 이겨 본 적 없으면서.
僕はできるだけここで働くようにしている	난 되도록 여기서 일하려고 해.
でも自分たちの店じゃないんだろ?	하지만 너희 가게도 아니잖아?
それとも、ママに言われたの?	아니면 엄마가 시켰어?
ああ聞いたことはあるよ	아, 들어 본 적은 있어.
またコーヒーショップでもできるのかな?	또 커피숍이라도 생기려나?
さて、今日はどこで勝負する?	자, 오늘은 어디서 겨룰까?
お前はクラクションでも鳴らしとけ	넌 경적이나 울리고 있어.
お医者さんはいません?	의사 없어요?
増える必要なかったんじゃない?	더 늘 필요는 없지 않았어?
今日はもう銀行をしまってたの?	오늘은 은행 문을 벌써 닫았어?
この日を楽しみにしていたよ	이날을 기다렸어.
しかも終わりがないとしたら	게다가 끝도 없다면...
ギアチェンジできねえのか?	기어도 못 바꿔?
その秘密もバレてしまったけどね	그 비밀도 들켜 버렸지만.
マグレは一回きりだぞ!	운도 한 번뿐이야!
電気代払えるのかよ!	전기 요금은 낼 수 있어?
でも何も起こってないしなぁ	그런데 아무 일도 안 일어나네.
スパイダーマンになってよかったかもしれない	스파이더맨이 되길 잘했는지도 몰라.
顔から下の全部が痛むよ	얼굴 아래로 전부 아파.
本当はその金君のなんだよな	사실 그 돈은 네 돈이잖아.
日が暮れるまでぼこり続けようか	해 질 때까지 두들겨 줄까?
前にも言ったけどもう一度言うよ	전에 말했지만 한 번 더 말할게.
頼む!死にたくない!	제발! 죽고 싶지 않아!
予備試験の結果が良ければね	예비 시험 결과가 좋으면 말이야.
これが僕からの一発目かな	이게 내 첫 방인가?
自分の人生を生きればいいじゃないか	네 인생을 살면 되잖아.
それでファンタスティックとは驚きだね	그러고도 판타스틱이라니, 놀라운데.
スーパーヒーローらしいことすべきじゃないか?	슈퍼히어로다운 일을 해야 하지 않을까?
ねえ!全員出るんだ!早く!	이봐! 모두 나와! 빨리!
わかったこれが終わったら映画に行きたいんだな	알겠어. 이거 끝나면 영화 보러 가고 싶은 거지?
今のドクターストレンジは初代の息子というわけだ	지금의 닥터 스트레인지는 초대의 아들이라는 거지.
と、その前のレースも、	그리고 그 전 경주도.
これほど簡単な動きもないよな	이보다 쉬운 동작도 없지.
なんでこんなこと考えてるんだ?	난 왜 이런 생각을 하고 있지?
ほらね、この人時期に事故を起こすよ	거봐, 저 사람 곧 사고 내겠어.
夜の街に繰り出してこういうことすんの	밤거리에 나와서 이런 짓을 하는 거야?
それが秘密の場所になった	거기가 비밀 장소가 됐지.
悪いけど、ストーム君の負け!	미안하지만, 스톰 군이 졌어!
ジャンピングスパイダーマン参上	점프하는 스파이더맨 등장!
ウェブで固めておけば落ちないな!	거미줄로 고정하면 안 떨어지겠어!
事故になる前に車から降りるんだ	사고 나기 전에 차에서 내려.
スーツを気に入っちゃったんだろ	그 슈트가 마음에 든 거지?
ファミレスが嫌ならワッフルとかさあ、	식당이 싫으면 와플 같은 건 어때?
ペースを上げないとエディに逃げられちまう	속도를 안 높이면 에디를 놓치겠어.
シロートさんの番組の方がよっぽど面白いよ	아마추어 방송이 훨씬 재미있겠어.
三度目の正直ってのはないわけね!	세 번째 행운도 없다는 거네!
まあ引っ越しするお金もないけど	뭐, 이사할 돈도 없지만.
じゃあ答えはこうだかかってこい	그럼 대답은 이거다. 덤벼!
ああ、あれだ、フィスクタワー	아, 저거다. 피스크 타워.
他にやるべきことはたくさんあるというのに	달리 해야 할 일이 잔뜩 있는데.
ギブアップしてやろうか	항복해 줄까?
逃げられないよ!そんなことは許さない!	도망 못 가! 그렇게 두지 않겠어!
ウェブを作るためにはお金がかかる	거미줄을 만드는 데는 돈이 들어.
綺麗さっぱり忘れてやった!	깨끗이 잊어 버렸어!
ウェブを離さない方がうまくいくかもな	거미줄을 놓지 않는 게 낫겠네.
給料分働くとするか!	월급만큼은 일해 볼까!
こうぶら下がってるだけでもすごいだろ	이렇게 매달려 있는 것만으로도 대단하지?
待てよ!まだ顔に一発入れてないよ!	기다려! 아직 얼굴에 한 방 못 먹였어!
ジャンプで上がるだけ簡単さ	점프해서 올라가면 돼. 간단하지.
彼女はコスチュームのせいって言ってるけど	걔는 복장 때문이라고 하지만.
試験のための試験だよ	시험을 보기 위한 시험이야.
なんてこった今度あんたが泥棒かい	이럴 수가, 이번엔 당신이 도둑이야?
最近は速いみたいだけど	요즘은 빠른 것 같지만.
やっぱ犯人は走って追っかけなくちゃね	역시 범인은 뛰어서 쫓아야지.
うわぁ電気を大切にね	와, 전기는 아껴 써.
何すんだ!この人を助けようとしてるのに!	뭐 하는 거야! 이 사람을 구하려는 거잖아!
悪くはないがついてくるのは無理だな	나쁘진 않지만 날 따라오긴 무리야.
背中にお邪魔しても大丈夫そうだな	등에 올라타도 괜찮겠네.
ムンナイトの方が君より早いよ	문나이트가 너보다 빠르겠어.
チャームポイントは一人ごと!	매력 포인트는 혼잣말!
正義の味方、スパイダーマンがお届け	정의의 사도, 스파이더맨이 배달해 드립니다.
はぁ、ここは大嫌いだ本当に、	하아, 여긴 정말 싫어.
殺してやる!殺してやる!	죽여 버리겠어! 죽여 버리겠어!
思ってたようにはいかないだろ	생각대로 안 되지?
それより何よりお金を節約できる	무엇보다 돈을 아낄 수 있지.
ぐぁ!近づきすぎたな!	윽! 너무 가까이 갔어!
うーん、これはこれはありがたいね	음, 이거 참 고마운데.
危ないよ!スパイダー救急隊のお通りだ!	조심해! 스파이더 구조대 지나갑니다!
殺してやるぞ!ブロック!	죽여 주마! 브록!
俺に本気を出させたいのか?なぁ	내가 진심으로 싸우길 원하는 거야?
いつの間にやら一人ごとってか	어느새 또 혼잣말이네.
こっちへ来い、ピーター	이리 와, 피터.
僕はトップクラスのスーパーヒーローだよ	난 최고급 슈퍼히어로라고.
クラブでツルんでる方がいいと思うよ	클럽에서 어울려 노는 게 낫겠어.
当たりどころがよくて、正気に戻ったりしてな	잘 맞으면 제정신으로 돌아올지도 모르지.
これから昼寝するからね、その間に追いつくんだよ	난 이제 낮잠 잘 테니까, 그동안 따라와.
キングピンはぼってりした手でこの街から金を絞り取ってる!	킹핀은 그 두툼한 손으로 이 도시의 돈을 쥐어짜고 있어!
一人ごとばっか言ってないでウェブジップでも使うか	혼잣말만 하지 말고 웹 집이나 쓸까.
手加減してやるよハーマンウェブだけで勝負だ	봐줄게, 허먼. 거미줄만으로 승부하자.
okこれで君の姉さんにチャレンジしていいかな	좋아, 이제 네 누나에게 도전해도 될까?
このバイク高かったんだぞ	이 오토바이 비싸게 샀다고.
背中に飛び乗ってぶんなぐれば	등에 뛰어올라서 두들겨 패면...
エディが何かしたのか?	에디가 무슨 짓을 한 거야?
グリーンにワンオンしてやるぞ!	한 번에 그린에 올려 주마!
エディに近づいただけでこんな	에디에게 다가간 것만으로 이러다니.
だんだん、根に持ってきたよ	점점 앙심이 생기는데.
ヒバナの合間を狙った方が良さそうだな	불꽃이 멎는 틈을 노리는 게 좋겠어.
いいバッグだとは思うけど、この服には合わないな	멋진 가방이긴 한데, 이 옷엔 안 어울리네.
スーパーヒーローならこれくらいこなさないとね	슈퍼히어로라면 이 정도는 해야지.
どうしたエディ?本気でやろうぜ!	왜 그래, 에디? 제대로 해 보자!
結構楽しいけど、ちょっと恥ずかしいなぁ	꽤 재미있긴 한데 좀 창피하네.
昼に火の玉食らったからもう満腹だよ	점심에 불덩이를 먹어서 이미 배불러.
ボーナスでいろいろパワーアップしたのか?	보너스로 이것저것 강화한 거야?
僕にはスーパーパワーとかウェブシューターとかがあるからね	내겐 초능력도 있고 웹 슈터도 있거든.
僕がパワーの使い方を最初に発見した場所があの倉庫だ	내가 처음 능력의 사용법을 알아낸 곳이 저 창고야.
ウェブシューターとかいろいろ持ってるんだけど	웹 슈터 같은 건 이것저것 갖고 있는데.
そんな運転するなよ!ダメだって!	그렇게 운전하지 마! 안 된다니까!
どっちが追われてるのかわからないよ	어느 쪽이 쫓기는 건지 모르겠네.
だって僕はミュータントじゃないかと心配ばかりしている	난 내가 뮤턴트가 아닐까 늘 걱정하거든.
過剰防衛って言葉、知ってるか?	과잉방어라는 말 알아?
エディ!トラスクは遊びたくないってさ!	에디! 트라스크는 놀기 싫대!
まったく、黙ってやれないのかよ!	정말, 조용히 좀 못 해!
飛び上がって背中に取り付けばいい!簡単だ!	뛰어올라 등에 매달리면 돼! 간단해!
拾って安全な場所に移すだけ簡単な話だ	데리고 안전한 곳으로 옮기면 돼. 간단하지.
油売ってないでスイングでもするか	빈둥거리지 말고 거미줄로 이동할까.
ウェブシューターがないじゃ、ウェブは使えないな	웹 슈터가 없으니 거미줄을 못 쓰겠네.
コナーズはもういない、エディもいないでもスーツはそこにある	코너스도, 에디도 없어. 하지만 슈트는 거기 있어.
怪我人が出る前にエディを学校から連れ出さないと	누가 다치기 전에 에디를 학교 밖으로 데리고 나가야 해.
みんな見てくれ!ウサギきどりだ!	다들 봐! 토끼 흉내를 내잖아!
パーカー!車を持ち上げて中の連中を助けるんだ!	파커! 차를 들어서 안에 있는 사람들을 구해!
銀色姉ちゃんを放っておけない、殺されちまう	은발 누나를 내버려 둘 수 없어. 죽고 말 거야.
キャッチボールか?へたくそだな	캐치볼이야? 정말 못하네.
しっかり捕まってな!まもなく地上だ!	꽉 잡아! 곧 땅에 닿아!
要するに腕が悪すぎるってことさ	결국 실력이 너무 형편없다는 거지.
会社も学校も同じような場所だとしたら	회사도 학교와 비슷한 곳이라면...
ウェブシューターがないと、ウェブが使えないぞ!	웹 슈터가 없으면 거미줄을 못 써!
今の僕に必要なのは妄想をオフにすることだ	지금 내게 필요한 건 망상 스위치를 끄는 거야.
ああ、もしもし、誰かいますか?	아, 여보세요? 누구 없어요?
ウェブスイングができなかった頃が思い出せないよ	거미줄로 이동하지 못하던 때가 기억도 안 나.
やめろって!いや本気で!	그만하라고! 진심이야!
風船で動物作れるかい?	풍선으로 동물 만들 줄 알아?
とりあえず、ここには十分注意しておくことにしよう	일단 여긴 충분히 주의해야겠어.
でも、みんなお互いに対立することばかり考えてる	하지만 다들 서로 대립할 생각만 해.
記事には冒険のことなんか何も書かれてない	기사엔 모험에 관한 이야기는 하나도 없어.
キャプテンアメリカとは知り合いだ!お前なんか!	난 캡틴 아메리카를 안다고! 너 따위는!
ねぇ!やめろ!ダメだ!	이봐! 그만해! 안 돼!
どういうつもりか知らないけどさ	무슨 생각인지는 모르겠지만.
助け出さないと潰されちまうぞ	구하지 않으면 깔리겠어.
人と言っても僕のことなわけだけど	사람이라고 해도 내 이야기지만.
ぐはっ!予想すべきだったな!	윽! 예상했어야 했는데!
助け出さないと、潰されちまうぞ!	구하지 않으면 깔리겠어!
ウェブジップを使った方が簡単だな	웹 집을 쓰는 게 더 쉽겠어.
うーっ!ジャンプが遅かったな	윽! 점프가 늦었어.
いかにもスーパーヒーローらしい人たちが集まってる	정말 슈퍼히어로다운 사람들이 모여 있어.
一人ごとについて一人ごとを言ってるよ	혼잣말에 관해 혼잣말하고 있네.
そしてふんぞり返ってパーティーにあけくれてる	그리고 거들먹거리며 파티나 즐기지.
お前の正体など周知の事実ではないのか	네 정체는 다들 아는 사실 아닌가?
と言っても自分以外に話す相手がいないし	그래 봐야 나 말곤 말할 상대도 없지만.
エンパイアーステート大学僕の第一志望校だ	엠파이어 스테이트 대학. 내 지망 1순위 학교야.
彼女を連れて動くのは無理だエディの方が素早い!	그녀를 데리고 이동할 순 없어. 에디가 더 빨라!
これで10万は美味しすぎるぜ	이걸로 10만이라니, 너무 짭짤한데.
火災防止は一人一人の努力から	화재 예방은 한 사람 한 사람의 노력에서!
背後に回る方法があるはずだ	뒤로 돌아갈 방법이 있을 거야.
やりたいことは何でもできるって言わんばかりにね	하고 싶은 건 뭐든 할 수 있다는 듯이 말이야.
ところで時間は建設的に使うべきだよ	그런데 시간은 건설적으로 써야지.
共通点がたくさんあると思うんだわかんないけど	공통점이 많다고 생각해. 잘은 모르지만.
離されないようについてかないと	뒤처지지 않게 따라가야 해.
俺のバイクをかわいがってくれたみたいだな	내 오토바이를 아주 예뻐해 줬더군.
ウェブジップは低い建物を通る時に便利だな	낮은 건물을 지날 땐 웹 집이 편리하네.
エディを放っておいたらダメだあいつを止めないと	에디를 내버려 두면 안 돼. 막아야 해.
うわぁ!助けて!助けて!	으악! 살려 줘! 살려 줘!
うーっ!よーし!みんな出るんだ!	윽! 좋아! 모두 나와!
ほらみなよ上を飛び回ってるのはスパイダーマンだよ	저기 봐. 위를 날아다니는 건 스파이더맨이야.
こういう時、コスチュームなんか着てなければよかったって思うよな	이럴 땐 이런 복장 안 입었으면 좋았을 거란 생각이 들어.
正義に生きる闇のヒーローか	정의를 위해 사는 어둠의 영웅인가.
ダメだスーツがウェブを吸収してしまう	안 돼. 슈트가 거미줄을 흡수해 버려.
急いで車をなんとかしないと中の人たちが火にやられちまう	빨리 차를 치우지 않으면 안에 있는 사람들이 불에 당하겠어.
ああ、目が回ってきたなぁ	아, 눈이 핑핑 도네.
本当のパパは私だとか言い出したら帰るからな	내가 네 진짜 아빠라는 소리라도 하면 돌아갈 거야.
家に帰って勉強してミュータントのことは一切忘れよ	집에 가서 공부하고 뮤턴트 이야기는 전부 잊자.
彼女ができると心に余裕ができるのかな	여자 친구가 생기면 마음에 여유가 생기는 걸까?
まだ生きてる信じられない	아직 살아 있다니 믿을 수 없어.
かわいそうに疲れきってるじゃないか	가엾게도 완전히 지쳤잖아.
こんな仕事、受けなきゃよかったぜ	이런 일은 맡지 말았어야 했어.
自動車保険を節約する方法知らないか?	자동차 보험료 아끼는 방법 알아?
体で勉強してもらおうか	몸으로 배워 보실까.
触ると痛い青い光が消えた	닿으면 아픈 파란빛이 사라졌어.
ここはカートコナーズやエディブロックがスーツを保管していた場所だ	여기는 커트 코너스와 에디 브록이 슈트를 보관하던 곳이야.
レーザー担当交代ってか?	레이저 담당 교대야?
僕より運転が下手だな、僕は免許ないけど	나보다 운전을 못하네. 난 면허도 없지만.
1日2分親切にしてみるとか	하루에 2분쯤 친절하게 굴어 보든가.
そういえば、前回も上手くいかなかったよな	그러고 보니 지난번에도 잘 안됐지.
どれだけ本気で殴ればいいんだよ	얼마나 세게 때려야 하는 거야?
その程度の腕でよく今まで生きてこられたな	그 실력으로 지금껏 살아남은 게 용하군.
僕はこんなのに立ち向かっていかなきゃいけないのか	난 이런 놈들과 맞서 싸워야 하는 건가?
痛み分けにしちゃわりが合わないな	서로 한 대씩 맞기엔 손해가 너무 큰데.
ねぇ!ダメだ!やめろ!	이봐! 안 돼! 그만해!
一撃離脱だ近くにいると頭がおかしくなる	한 대 치고 빠져야 해. 가까이 있으면 머리가 이상해져.
無免許の僕でも、君の運転は危険だってわかるよ!	면허 없는 나도 네 운전이 위험한 건 알겠어!
でも後で言っとけよかったって思うよりはマシだからね	하지만 나중에 말할 걸 그랬다고 후회하는 것보단 낫잖아.
ああああああ!いやいや!嘘嘘!僕はいいやつだよ!	으악! 아니야! 농담이야! 난 좋은 사람이라고!
デイリービューグルで、僕は必死に働かなきゃならない	난 데일리 뷰글에서 죽어라 일해야 해.
