20dceb7c	개별 인식 결과는 힘주는 신음.
300e0521	개별 인식에서 어휘 없음.
32b42ed9	연속 기합.
43b9c0dd	고함, 개별 인식의 무음 확률 높음.
45e8183c	짧은 기합.
521d3e1d	짧은 비명.
56b8e772	개별 인식에서 어휘 없음.
5d672f5d	개별 인식에서 어휘 없음.
74074718	기합, 개별 인식에서 어휘 없음.
7b9b2c8a	개별 인식에서 어휘 없음.
82f22b29	비명.
8316ce52	비명, 개별 인식에서 어휘 없음.
93223968	뜨거워하는 비명, 문장 없음.
a6d531bb	연속 신음.
aa885670	비명, 개별 인식에서 어휘 없음.
ad640111	공격 기합.
b3c6c2b1	짧은 기합.
c56cf7e8	피격 신음.
cc310e75	비명, 개별 인식에서 어휘 없음.
d35010b3	개별 인식에서 어휘 없음.
d4871a0d	개별 인식에서 어휘 없음.
dd8e4a99	개별 인식에서 어휘 없음.
df90bcea	비명, 개별 인식에서 어휘 없음.
e0ba075a	길게 지르는 기합.
e3006e53	웃음.
e8837268	뜨거워하는 비명, 문장 없음.
ef359434	웃음, 개별 인식에서 어휘 없음.
f12c9b8e	개별 인식에서 어휘 없음.
f1e3ac33	신음.
f4993bf7	길게 지르는 비명.
