00a56051	도망만 다녀선 안 돼! 쓰러뜨려야 해!
00f262b7	하하하! 생애 최고의 밤이군!
025ce327	이 날아다니는 망할... 너 날 수도 있어?
027ffd50	에디에게 다가가야 해. 하지만 너무 가까이 있으면 머리가 터질 것 같아.
0504427f	등에 뛰어들어도 괜찮겠어.
054ac557	신문만 팔린다면 엄마에게 울버린 옷을 입혀 사진을 찍을 사람이야.
05a22d47	게다가 이것 좀 봐.
061d4dbb	놈을 막아야 해. 빨리 쓰러뜨리는 수밖에 없어.
0676f587	게임 속에는 인생의 모든 답이 들어 있지.
067be59d	물 좀 마시고 올 테니 혼자 씨름이라도 해. 나중에 소감 들려주고.
06d361c8	학교에서 괴롭힘을 당하던 시절, 여기는 도망쳐 숨는 곳이었지.
06f6f05d	도망쳐 봐야 소용없으니까 멈춰!
08830dc1	이거 재미있네! 더 자주 해야겠어!
08b1ce8b	두려움을 모르는 남자.
09489ade	죽을 각오는 됐나, 에디?
097bd2ec	지금 갈 테니까 조금만 버텨!
09945242	그만하시지요, 나리!
09a36a95	이제 좀 쓰러져라!
0a30bbe6	리드 리처즈와 수 스톰은 천재야.
0a4e1460	정말 바보 같았어.
0adc3e0f	영화 촬영 얘기에 화났어? 칭찬이었는데.
0b9795d9	지하철은 정말 최악이야.
0c0dd8ec	이쪽은 그 유명한 스파이더맨 님이시거든?
0c4c55aa	놈이 날아오면 점프로 피하자!
0c70cd2b	이거 정말 안 좋은데.
0c8e1e83	오지 마! 물러서! 가까이 오지 마!
0dbff153	단숨에 달까지!
0e6e1585	하하하! 이때만 기다렸다!
0e816ea1	무슨 문제라도 있어?
0f499077	참 사랑스러운 녀석이네!
0f6518e5	자칭 최고의 마법사지. 일주일에 한 번은 TV에 나오더라.
0f881c6d	저 촉수를 피하지 않으면 더 골치 아파지겠어.
105cb0be	아침이면 아프겠는데. 아니, 지금도 아프잖아!
106a341b	뭔가 최악의 일이 생길 것 같아. 이렇게 평온하게 끝날 리 없지.
10c7b683	게다가 J. 조나 제임슨은 아주 속물이지.
10d2b1b3	경주 상품은 뭘까?
1144c6fe	내가 스스로 판타스틱하다고 하면 엄청 욕먹겠지?
11762ce0	돌이켜 보면 유전자 조작 거미에게 물린 뒤론 괴롭힘도 훨씬 줄었어.
11b099e8	빗나갔지! 어이쿠, 무서워라! 농담이야.
11b96597	믿어져? 내가 엑스맨 같은 뮤턴트일지도 모른다니.
11f9472a	고등학교를 졸업하면 대학 4년을 여기서 보낼 거야.
12bd6fb3	실버 어쩌고 하는 여자를 그냥 둘 순 없지.
1378bb74	공포의 불벽이라도 되는 건가?
13ad3f5a	데일리 뷰글의 제임슨은 질리지도 않고 날 헐뜯기만 하지.
15e3ba8f	이봐! 뭘 팔고 있어?
16fb9a66	이 작은 요새 안에만 있으면 뭘 해도 안전하다는 거지.
170f2c68	도둑... 이제... 그만...
17b70877	내가 막지 않으면 에디는 계속 날뛸 거야.
17f56bb3	한꺼번에 너무 많은 일이 벌어지네. 침착해, 파커.
1822515b	말 안 듣는 아이에겐 철구를 선물해 줄까?
18a0ec97	젠장! 죽어라!
1957c8e0	머리가 전보다 더 가벼워진 거 아냐?
19753255	내가 배트맨이었다면 벌써 지렸을걸.
19f807b1	위험을 무릅쓰고 악당과 범죄에 맞서는데, 내가 위협이라고?
1a19427c	색은 못 바꿔? 분홍색은 너무 소녀 취향 아냐?
1a23b632	난 금속 문어 다리가 달린 놈하고도 싸워. 너와는 수준이 다르다고.
1aa03b48	너한텐 정말 질렸어.
1ad5ee56	아, 그 신비한 사람. 닥터 스트레인지의 저택이구나.
1bc84e1a	설마 내가 다가가면 또 날아가 버리는 건 아니지?
1c57a091	잘 가라, 뮤턴트 꼬맹이!
1c917dd4	말에게 쓰는 진정제를 그렇게 쏠 필요가 있었어?
1e1cf806	그렇다고 너무 우쭐대다 나중에 바보가 되고 싶진 않아.
1e593e74	에디 곁에 오래 있으면 안 돼. 치고 빠지자.
1f269594	이제 그 슈트와 싸워 봐! 너랑 싸우는 것도 지쳤어.
2038bb77	너무 무르잖아.
20641827	거친 게 좋다는 거냐? 두고 봐!
2123d3a4	이렇게 사람끼리 진하게 어울리는 맛이 있어야지.
2176984b	기합 좀 넣어!
21e4f1f7	남의 물건을 훔치면 안 된다고 엄마가 안 가르쳐 줬어?
2270a8bf	움직일 수 있어?
2279a020	이런 힘과 책임감을 가진 젊은이가 토요일 밤에 지루해 죽다니, 이상하잖아.
22db6b2a	비꼬는 건 아닌데, 전 과목 A를 받는 학생한테 적성 시험이 꼭 필요할까?
233fb4fc	자, 이제 얘기 좀 해도 되지 않을까?
239be062	내가 왜 이러지? 누가 다치면 내 책임이야!
23b68bc6	영화도 오래 못 봤네.
23f39cc0	내 힘으로 일어섰다!
2427848d	뭐야, 물이잖아! 충전하고 와야겠군!
2482a068	머리끝까지 화가 치미는군!
2525c243	이 짧은 인생을 전부 남 돕는 데 바쳤는데.
26706424	에디, 저항하면 아프기만 해!
26c08e9b	쏜살같이 도망가는 게 좋겠어.
26c1774e	주차장에서 멀어지고 있습니다.
27748b15	초보 영웅의 고민 상담은 여기까지 할까?
27884ddb	서로 시간 낭비네. 거미줄로 묶고 끝내자.
27c9f2b0	진심인데, 바닥에 엎드려 울어도 돼. 어차피 그렇게 될 테니까.
27dadff5	일단 떨어졌다가 머리가 괜찮아지면 다시 공격하자.
2834393a	그럼 이제부터 날 판타스틱 스파이더맨이라고 불러.
285321b8	물론 지금도 종종 당하긴 하지만.
289798b6	아, 이게 무슨 꼴이야.
28abc365	나도 입어 봤어. 어떻게 되는지 안다고.
28cf3e78	산책이 아니라 추격 아니었어?
295e3f76	기분 전환은 되지만, 쓰러졌을 때 거미줄로 묶는 게 좋겠어.
2aa0ae89	안 돼! 에디, 그만해!
2b5b135e	그 자리에 나 혼자... 아, 정말.
2b645895	좋아! 더, 더 해 봐!
2b7ed306	내가 땅바닥을 기어 다니는 동안 킹핀은 호화롭게 살고 있지.
2b8c0704	정말 물러날 때를 모르는 거야?
2bc7bcd2	메리 제인을 진심으로 좋아해서 그런가?
2c4bb7de	젠장! 모조리 죽여 버리겠어!
2cc4fab3	죽겠다! 죽겠어!
2d1f6c4e	뮤턴트는 잠깐 쉴 틈도 없다는 거냐?
2df0a383	가까이 오래 있으면 내가 죽겠어! 그렇다고 달아날 수도 없고!
2ec8f65b	갈기갈기 찢어 주마!
2fbdd853	이럴 때 쓰려고 웹 슈터를 만든 거지.
30036fe3	다리에 감각이 없는데, 아직 붙어 있지?
306e295b	어라, 그랬던가?
30b44e8b	엉덩이가 갈라지겠네. 이미 갈라져 있지만.
311fc24b	이대로 하면 에디를 도울 방법을 찾을지도 몰라.
3148d7f9	아무리 빨아도 절대 안 지워질 것 같아.
317bd736	발이 퉁퉁 붓진 않았겠지?
31b8458a	내가 입으면 뚱뚱해 보이겠지만, 너한텐 잘 어울리네.
325b9c58	밤마다 변장해서 몰래 나가는 조카까지 같이 사는데 말이야.
333fb946	이거 물이 아니야! 진흙이잖아!
33830bf1	다음 헤드라인은 '화려한 스파이더햄'쯤 되려나?
338df343	그래서 돌아온 건 뭐지?
33aed627	저 덩치를 눈앞까지 유인해야 의미가 있겠어.
341565f4	그렇게 말했겠지.
34a73df1	이걸 빌려서 얼른 달아나야겠어.
352ac78d	자, 내가 구하러... 금방 갈게요!
352ad6eb	늙은 강아지도 너보단 더 잘 싸우겠다!
362ca9be	멈추라고? 나도 멈추고 싶어!
388d4f59	가스관이 터진 것 같아. 타이밍에 맞춰 뛰어야겠어.
389f6251	움직임을 시험해 보라더니, 아주 잘 움직이네.
38ac9fb4	장난은 끝났다!
398be2d0	덤벼, 에디! 진짜 싸움이 뭔지 알려 주마!
3a068ebd	아주 화끈하네!
3a372fd2	미안하지만 넌 그 돈 못 쓰게 될 거야.
3afcacf1	거미가 일종의 촉매였을 뿐이라면? 이건 조사해 봐야겠어.
3b037c38	맷집 하나는 인정해 주지.
3c1e36c9	일단 부딪쳐 보는 거야!
3c7c1c70	눈앞까지 유인하면 철구를 쓸 수 있겠어.
3c83b890	젠장, 병원이 어디야?
3d41f47b	마취탄이야! 위험해!
3d67340a	이런! 여기서 또 다음 편으로 넘기는 거야?
3e227c66	이건 분명 슈퍼히어로 망상 장애야.
3fce2501	이참에 한마디 해도 될까? 꼴좋다!
407e8c01	알겠느냐? 나는 전기 그 자체다!
40f19457	차를 던져 오면 꼭 그 직후에 더 끔찍한 일이 생기더라.
40f5c562	난 초등학교 때부터 A만 받았어. 체육은 빼고.
418c3fd1	머리가... 깨질 것 같아!
430b2281	에디 곁에 오래 있을수록 두통이 심해져!
43a512ba	갈수록 더 황당해지네.
43b36f4b	포기할 때까지 두들겨 주마!
43c374e9	그런데 왜 이름이 얼티미츠일까? 더 요란한 이름도 있을 텐데.
4500fb51	사람으로 가득한 다리 위에서 내 정체를 밝히지 말아 줄래?
45350a3f	나도 뮤턴트들처럼 이상해졌어. 그 문제로 온 나라가 난리잖아.
454f897c	난 여기 있어야 하지만 넌? 세계를 지켜야 하는 거 아니야?
4570ed92	먼저 날 노리게 해! 그다음엔 전부 내 탓으로 돌려도 돼!
458a8399	토끼처럼 폴짝폴짝 뛰네.
45e86adb	이름이 뭐라고? 고속 낙하의 왕?
45e91270	이제 못 도망가! 무기를 내려놓고 돈에서 떨어져!
46a38ff7	이번엔 내가 이긴다!
4874ae8e	그 깡패 옷차림이 여자들한테 인기 있어? 아주 잘나가나 봐?
488ec6c6	더 느려지면 후진 기어가 들어가겠어!
4899c4b9	가문의 명예를 되찾으러 왔다!
491f3b6d	좁아도 즐거운 우리 집이라더니, 딱 그렇네.
495c62c9	이봐! 수류탄을 돌려줄까?
49c140a8	거미 통구이로 만들어 주마!
4a1ba3a2	여자 가방을 들고 시내를 돌아다니는 것보단 중요한 일이 있을 텐데.
4ab15e89	메리 제인에게 시간이 나면 꼭 데이트할 거야.
4af5d0c2	물론 내 성격에 또 죄책감을 느끼겠지.
4b1a73e6	일단 적당한 수준의 악당이면 돼.
4b3b5710	순식간에 이동할 수 있지!
4c0b35d5	잠깐 멈춰 봐.
4ce6f6cb	이봐! 거기 당신!
4d12a063	너무 가까이 있으면 안 돼!
4d7333e4	조금만 느슨하게.
4d933299	좀 수척해 보이는데.
4d95ba36	에디! 그 미친 여자를 놓아주면 내가 싸워 줄게!
4e200010	뭐든 사이보그처럼 만들면 다 되는 건 아니잖아.
4ea0f904	예비 시험이라고?
4ea74591	자, 내가 챔피언이다!
4f5e2554	그렇지! 아주 간단하게 하나 해결!
50060a72	내려라, 이 덩치야!
50573384	매번 짜증 나게 하네.
5072e202	좋아! 정신 차리고 다시 가 볼까!
51a4bc0f	아래로 내려갑니다!
51fc2271	난 지구 최고의 전사들과 싸워 왔어, 에디. 넌 혼자야!
529bd44e	털이 없는 곳까지 다 타 버리겠네!
52f2e3c4	그 미친 은발 여자가 내 가족을 건드리겠댔어. 에디에게 먹히든 말든!
54a8e02c	내가 없었으면 이 도시는 벌써 무너졌을걸.
56161ef3	어릴 때 장난감을 못 받았구나.
5625dad7	죽어라, 괴물아!
57cd87b4	이제 슬슬 짜증 나는데.
59a17fd7	노먼 오스본, 닉 퓨리, 닥터 옥토퍼스. 다들 괴물이야.
5aa89231	너 대체 뭐야?
5acc087f	네 엄마는 바보래요!
5ad0137e	이대로면 죽겠어! 빠져나갈 수 없어!
5b11c2f6	노먼! 미쳤어? 사람이 죽을 뻔했잖아!
5b14e02c	이럴 때 딱 맞는 노래가 있는데, 저작권이 있으니까.
5b390705	날 쫓아다니는 상사 J. 조나 제임슨조차 비교적 얌전해.
5b755749	스스로 불 속으로 뛰어드는 멍청한 거미로군!
5bda1d4f	아! 나도 모르게 새된 비명을 질렀네.
5c720609	그런 말을 한다면 그냥 내버려 둘까?
5ca74dfe	근시가 다 나았네.
5cb840b6	에디 곁에 오래 있으면 안 돼!
5dab0938	멍청한 덩치치고는 꽤 날쌔네.
5ecafc35	고작 그 정도야?
61154f1a	대단하네. 에너지가 펑! 늘 똑같잖아.
61b1b0b7	인생에 꼭 필요한 요소라는 건가?
620e273d	거봐, 틀렸잖아?
62be1b7b	안 들린다는 걸 알면서 계속 소리치는 난 뭐지?
6374b3e4	이 녀석은 약해. 양손을 거미줄로 묶으면 끝이야.
63762769	조금은 통할 줄 알았는데.
63e09991	죽여 버리겠어!
6454125f	우리 할머니가 너보다 더 날쌔다!
64655b8b	뭐, 일은 일이니까. 필요한 장소의 정보도 얻을 수 있고.
64c732b4	풀어 주면 나한테 총 안 쏜다고 약속할래?
64ce7919	음속으로 출발!
66fceb41	아직 대사 하는 중이었는데.
67f9c4bd	수류탄을 대량 구매라도 했어? 어이쿠, 위험해!
687db621	갈가리 찢어라! 트라스크에겐 잔해만 넘기면 돼!
68febb88	이거 큰일인데!
69ba56f8	동생 휴먼 토치도 좋은 녀석이야. 내가 딱 질색하는 잘생긴 밴드 멤버 같긴 하지만.
6a0fe244	전부는 못 구했나. 사람을 구한 것만으로 만족하자.
6a4c8af2	뭘 꾸물거려?
6ae3ffad	아무도 못 보게 몰래 드나들지. 거미줄 원액을 만들거나 메리 제인을 만나려고.
6aef6c89	리드 리처즈 과학 센터야.
6bd14475	날 문 거미가 돌연변이였다면?
6bda75cb	벽을 기어오를 수 있는데 굳이 땅 위를 뛰어다닐 필요 없지.
6bfbc06c	개구리 녀석은 개구리 옷을 입고 은행을 털던 놈이야.
6cbc4a13	아차! 레이저 태그 장비를 차에 두고 왔네! 으악!
6d76c234	그리고 더 씽. 주황색 바위로 된 거인이야. 좀 특이하긴 하지.
6f39632f	빨리 끝내지 않으면 사람이 죽겠어.
6f6339fa	번호판이 뭐지?
6f752c01	나도 굼뜨다는 소리는 들었지만.
6fa7cff4	에디에게서 떨어져야 해. 그렇다고 누굴 다치게 둘 수도 없고.
6fac9587	나한테 반했구나.
6fd1107c	거기 전형적인 악당 씨, 항복하세요!
70547ea7	대체 뭘 하는 거야?
707dce41	정말 교과서적인 승리였네.
717bd186	점프 직후에 또 점프! 물리 법칙을 무시하는 게 하루 이틀 일도 아니지.
72e434ba	머리가 지끈거리지만 더 빨리 스윙해야 해.
73333ed9	하하하! 타임스 스퀘어를 한번 부숴 보고 싶었지!
75348a8c	왜 도망치려는 거냐, 트라스크?
755c9ef9	처음엔 점프, 이번엔 충격파. 테마에 통일성이 없네.
763b2a9e	죽여 버리겠다!
7645bbff	건물이 낮아서 스윙하기 힘들어. 웹 집을 쓰자.
76c4bf67	그 실력으로는 뉴욕에서 안 통해.
774f7cfd	죽여 주마, 꼬맹이!
7760e78a	매콤한 미트볼이냐?
77b4f85c	그런 걸 입고 다니다니 배짱도 좋네.
77ce7234	어디서 자꾸 나오는 거야? 악당 조합이라도 있어? 전용 회관도 있나?
78e481f0	세상 꼭대기로!
79b553ce	드라이브하러 나온 게 아니라고!
79d8f8de	방금 네 얼굴에 들어간 건 내 주먹이야. 이번엔 발이고.
7a9b4f18	아야야! 이제 점프로 피하는 법도 배워야겠어!
7aeb2be9	드디어 거미 녀석과도 작별이군.
7bd0bfee	솔직히 말해 줘. 이 옷을 입으면 엉덩이가 커 보여?
7cadfab8	놓치면 안 돼!
7ced4101	사실 아버지가 초대 닥터 스트레인지였대.
7e0a55f4	그리고 엉덩방아를 찧었지.
7e0fe84c	보시다시피 아주 여유롭죠.
7f9089dc	성적이 전부 A면 입학시켜 줘야지.
7fd79bb3	실컷 맛봐라!
803a6eef	이런 내 모습은 싫어.
8107a836	왜 그렇게 생각하냐고? 만날 때마다 그렇게 말하니까?
81226de5	그런데 직업을 고를 때 잘 생각해 본 거야?
8181ab57	영광이네. 가슴 깊이 감동이 밀려와.
824ad7ec	게임을 더 많이 해야 코너를 잘 돌 수 있지.
8277786f	힘내! 꼭 구해 줄게!
82ff41a6	공격이 멈췄네.
8378432d	미치긴 했어도 마음은 착하다는 거네.
841de97a	또 기념품을 깜빡했네.
8446c6a4	등에 큰 구멍이 났어. 이제 쓰러뜨릴 수 있겠어.
8486298a	이해가 안 돼. 어떻게 된 거야? 왜 이런 짓을?
84aa4b35	불꽃처럼 예쁜 게 어떻게 이렇게 아플까?
84e98a80	내가 독립하지 못하는 게 메이 숙모 탓은 아니야.
861939ff	세계적으로 유명한 얼티미츠의 본부야.
86e6c4a4	고속으로 몸통 박치기? 재주도 없네.
870897e5	갈가리 찢어 주마!
8776ad18	아야! 방금 건 아팠어!
87a25e1e	이것이 놀라운 점프력!
88ad7104	위로 올라갑니다!
88ed3136	개구리 녀석도 네가 아직 멀었다더라.
89a02dd6	따끔하게 가르쳐 주마!
8a5b9fb9	꼬리 말고 도망치는 게 좋겠어. 거미한테 꼬리가 있던가?
8a7253b3	이거 완전히 엉망이네.
8a7d8ae4	새 장난감이에요? 좋겠네요, 우리 아기.
8a840091	좋아! 더 해 봐!
8bcd64e2	어른이 되면 다들 달라질 거라고 믿고 싶어.
8cf9f7f3	아주 친절하네! 으악!
8e20cdb5	여기서 죽여 주마! 트라스크와 한 약속 따위 알 게 뭐야!
8e6aa013	처음부터 제대로 처리했어야 했는데.
8efc538a	이봐! 장난이 아니라 경주라고!
8fe25f7a	세계적으로 유명한 판타스틱 포의 조니 스톰이 퀸스에는 무슨 일이야?
90c6feae	그 거미가 돌연변이였고 날 물어서 뭔가 전하려 했다면? 이를테면 '살려 줘!'라든가.
919d5ac4	그 짓눌리는 기분. 그게 바로 패배감이다.
91b6ad2b	날 죽이려 하더니 이번엔 협력하겠다고?
921f9f90	장미 향이나 맡고 있을 때가 아니야!
925cfedb	좀 뜨겁네.
92615bde	돌아가야 해. 내 정체를 알고 있어. 주변 사람들이 위험해.
928382b2	아주 안 좋은 데 맞았네.
92890a12	어이쿠! 스칠 뻔했잖아!
934797b9	개구리 옷을 입고 은행을 터는 놈과 같은 취급을 받고 싶어?
93ce8235	이봐, 대화로 해결하려 했는데 한 방 세게 먹여야겠네.
942c4653	매번 토할 것 같지만.
94e75774	빨리 죽어! 죽으라고!
97d5c9f6	잔꾀나 부리는 놈!
98bfb48d	내 키스라도 받고 싶었냐?
99aa1df5	우와, 정말 멋없다!
99fbb591	온갖 곳이 다 흠뻑 젖었어.
9a829480	쓰러뜨린 뒤 거미줄로 묶지 않으면 계속 덤벼들 거야.
9a910b8a	해냈다! 정말 기뻐! 안 그랬으면 소리 내서 말 안 했겠지.
9aa921a6	뒤처지고 있어, 괴물아!
9abe2db0	단골 의사한테 진찰 좀 받아. 온몸 전부.
9b3a6588	남편을 잃은 집에 계속 사는 메이 숙모가 안쓰러워.
9c16c1eb	저놈들에게 거미줄 재료비를 청구하고 싶네. '실값 10달러입니다.'
9c250fd0	내가 떠나면 메이 숙모와 메리 제인은...
9da998a0	노력은 중요하지만, 안 되는 일도 있는 법이야.
9f347faa	불을 끄지 않으면 차가 폭발할 거야. 저 사람도 끼어 있어. 시간이 없어!
9f579e83	그들은 대서양 한가운데 금빛 피라미드, 난 곰팡내 나는 지하실. 불공평해.
9f78d6e1	하나 해결! 자, 다음!
57b46b08	아, 조금 지렸네.
592275e6	이게 무슨 일이야?
8daf2686	이제 그만 좀 해!
906b6cde	대체 뭐라는 거야!
9f5b892b	당신도 봤어?
a000860f	고맙다, 꼬마야.
a0f2b930	이봐, 방금 건 나도 아는 표현이었어.
a22ceb90	기다려! 야호!
a3f40e43	영웅의 전설은 아직 건재하네.
a509b0d4	이제 정신 잃고 쓰러질 때라는 걸 모르겠어?
a524d310	나와 메리 제인의 은신처 같은 곳이기도 해.
a58688b7	쭉쭉 올라가는군.
a6ee7aa2	그런 괴물들이 아빠 같은 사람들을 노리는 거야.
a6fe04d8	날려 버리겠어! 음, 이렇게 하면 돼?
a753b74e	하루 종일 앉아 있었으니 땀 좀 흘려 볼까.
a81e89ae	뭐든지라니? 정말 뭐든 괜찮아?
a9499803	좋아, 경고는 했다. 이 바보야.
a9d6918b	이 발톱은 절대로 안 부러진다. 넌 어떨까?
a9e8ed46	방금 건 아팠지!
aad74885	벤 삼촌이 이 거실에서 돌아가셨는데 아직 여기 살고 있다니 믿기지 않아.
ab474162	멈춰서 기다려 줄까? 결과가 달라질 것 같진 않지만.
ab636dee	남자가 파리로 변하는 그 영화처럼.
ab8ab732	돌이킬 수 없게 되기 전에 어떻게든 해야 해!
ac198afd	슈트와 웹 슈터를 그 사람 차에 두고 왔어. 옛날 방식으로 해야겠네.
ade613a1	거미 능력을 얻은 것도 별반 다르지 않지. 황당한 이야기야.
ae027471	내일 아침이면 아프겠네.
ae081b69	아무도 널 도와주지 않아, 꼬마야!
af15e0dc	아, 이거 안 되겠네.
af1d3aef	의뢰는 널 잡는 거다. 무고한 사람들을 죽이는 게 아니야.
af8b494c	빠져나가야 해! 질 수 없어!
b00d6790	어쨌든 숨을 곳이 있다는 건 좋지. 여길 사들이거나 허물지만 않으면 좋겠어.
b029acfc	왜 다들 가볍고 속이 얕고 남의 평가만 신경 쓸까?
b0f75464	경찰과 슈퍼히어로가 쫓는 시점에서 이미 패배자야.
b0f82b53	이젠 한계야!
b16df267	진심으로 하는 말인데, 코뿔소 씨는 탈취제 좀 쓰는 게 좋겠어.
b18991e4	됐으니까 떨어져!
b1ce961b	둘 중 하나가 브레이크야! 어느 쪽인지는 모르겠지만!
b1fccc34	아무래도 나한테 반한 것 같은데.
b20bbfc0	이대로 좀 누워 있을까?
b2574ea0	소문에 따르면 초대는 유명한 외과 의사였는데 사고를 당했대.
b3842aef	정체는 모르겠지만, 일단 튀겨 볼까?
b433a5dc	돈이 없어. 완전히 빈털터리야.
b4614455	서둘러야겠어!
b469a4ee	알았어!
b5645992	방심했군. 두 번은 안 통한다!
b5de9535	막대기로 건드려서 안 보이는 곳에 숨기고 싶었어.
b630721b	이 마취탄 때문에 머리가 어지러워.
b68819a8	왜 도대체 쓰러지질 않는 거야?
b6b37417	아래, 아래야!
b6ce0006	젠장!
b818a07e	제대로 덤벼, 괴물아!
b9c575df	제법 하는데!
b9d9c300	난 지하실이 좋아.
bafff25e	위다! 아래다! 느려!
bb39fb40	닉 퓨리, 캡틴 아메리카, 아이언맨, 그리고 몇 명 더 있지.
bb92f614	결국 영광은 나랑 안 어울리나 봐. 그래서 이 모양이지.
bc37f485	슈트보다 내 인내심이 먼저 한계에 다다르겠어.
bc50b413	찾았다! 트리스켈리온이야.
bc821640	질 수 없어. 숨을 못 쉬겠어. 어떻게든 버텨야 해.
bc877bb9	머리 위로 차를 떨어뜨려 주마!
bcb2dfc1	그래서 웹 슈터를 쓰는 거야. 이런 교통 체증은 질색이거든.
bde321ab	넌 매달린 사람을 구해! 차 안의 사람들은 내가 맡을게!
be0cb5fb	그런 짓을 하니까 머리를 발로 차이는 거야.
bef01f20	그나저나 지루하네.
bfaaddbd	아, 이거 안 될지도.
bfaadded	이거 안 될지도 모르겠어. 마취탄에 뭐가 묻어 있었는지는 몰라도.
c030145c	이거나 먹어라!
c03c1a0d	아, 이거 안 될지도.
c04ccdc3	빨리 좀 해!
c0d4ed7c	다녀왔습니다. 좁아도 즐거운 우리 집이지.
c10e65ec	인생이 이보다 더 황당해지면 케이블 TV에 방영되겠어.
c16676e5	또 레이저 벽이야? 정말 싫은데.
c1f941e0	끈질기네. 아는 게 그것뿐이야?
c32f08d5	아니, 지난번엔 내가 이겼어.
c3f6d847	우습지만 돈을 위해서다.
c453dd00	세상을 불태워 주마!
c469f56f	아야! 아주 끔찍했어.
c4b09f60	사실 꽤 마음에 드는 거지, 에디?
c657127b	하하하! 아래다, 꼬마야!
c7a74751	에디 곁에 너무 오래 있으면 죽을 것 같아.
c81f7a38	이봐! 방금 충격으로 근시가 나았어!
c9198658	그 쓸데없는 수다가 그리워지네.
c9269469	아야! 두 대만 더 맞으면 상대 안 해 줄 거야!
c95db6f9	난 악당도 아닌데 데어데블이 정말 무서워.
c9cb239b	좋아! 경고는 했다는 흔적을 남기려고 말할게. 도둑이야!
c9fdbddb	뭐, 어떻게든 되겠지. 하루 세 끼를 노점 프레첼로 먹어도 건강하게 클 수 있을 거야.
cb2076d7	난 운이 없어. 그런 혼잣말이 버릇이 됐어.
cc5fb8a8	팝콘이나 먹으면서 느긋하게 영화를 보고 싶네.
cc7349ba	불꽃이 사라졌으니 한 방 먹일 수 있겠어!
cc80ecf8	열다섯 살 소년한테 맞는 기분이 어때?
cc88b2b7	가뜩이나 문제가 산더미인데 시험을 위한 시험까지 공부해야 해?
ccb70e0e	이 미친 자식!
ccb8a80a	그래야지.
ccc4ca81	그대로 기다리면 순간 이동이라도 해 줄지 모르지.
ccc8f6a6	내가 너무 걱정하나? 역사상 최악의 주차 요원을 만났을 뿐일지도.
cdc3db73	적어도 오늘은 천재지변이나 도시를 부수려는 녀석들은 안 올 것 같아.
cdc888f5	주먹과 얼굴이 맞선 볼 시간이야!
ce13867a	버틸 생각이라면 주먹으로 말해 주지.
ce4dd9a6	남에게 도움이 되는 일을 하는 사람들을.
ce6cd882	그래, 좋아. 이제 사라져.
cfa4bb42	너와 싸우기를 기대했는데 이렇게 실망시키다니.
cfe5a670	왜 난 약골 취급인데 저 사람들은 원탁의 기사 같은 대접을 받지?
d0689033	돈이 하나도 없으니까.
d236a468	이 정도로도 웃을 수 있다니 부럽네.
d240358d	난 마법이나 주문에 별 관심이 없기도 하고.
d27fdfc5	옛날엔 벤 삼촌이랑 온갖 영화를 보러 갔었지.
d314264f	등에 뛰어올라도 괜찮겠어.
d3ad5587	메리 제인은 외출 금지야. 내 사회생활도 사라진 거나 다름없지.
d43c6b33	적당히 안 하면 그 송곳니를 다 부러뜨려 주마!
d44c362c	유전자 조작 거미에게 물린 것만도 재난인데 이런 황당한 초능력까지 생겼어.
d541078f	파커, 뼛속까지 태워 주마!
d569f454	2초만 거꾸로 매달려서 머리에 피가 돌게 하면 좋겠네.
d5d43950	에디, 부탁이야! 그만해!
d72051a7	왜 그러냐, 브록? 고작 그 정도야?
d7c566d7	거미줄로 고정하면 안 떨어지겠지. 이제 창문 닦는 사람을 구하자.
d85b4530	도둑질에 살인까지, 무슨 짓이든 하면서 내가 아무리 애써도 피스크는 늘 빠져나가.
d892fae8	죽여 주마, 피터!
d8cf1afb	바보짓도 적당히 해!
d8ec5e10	내가 직접 혼내 주러 온 걸 고맙게 생각해.
d92a7187	크고 무섭군! 하지만 내가 더 무섭다!
d996318d	정체가 드러나겠지만, 이렇게 하는 것보단 낫지 않을까?
da03cfb6	이봐! 배고파? 식당 가서 밥이나 먹을까?
da267439	그런 식으론 해 봐야 소용없어!
da82ff87	세상을 더 좋게 만들려는 사람들.
db65e334	도시 한복판에 킹핀의 거대한 성이 있지.
dc435083	이 멍청이! 더는 용서 못 해!
dcb831d1	이 얼간이, 없애 버리겠어!
dda98704	후회해도 소용없을 만큼 멍청한 짓을 했구나.
dec349a1	역시 난 운이 없어.
dfaa03b8	마취탄 때문에 머리가 빙빙 돌아.
dfaeff34	아쉽네. 의외로 존경할 만한 사람이라 좀 더 알고 싶었는데.
dfb4c525	제발! 왜 빨리 도망가 주질 않는 거야?
e01626fa	보통 점프로는 못 닿겠지? 슈퍼히어로라 다행이야.
e08c4d94	뮤턴트도 인간이다!
e08f3feb	착하지? 이 손님께 TV를 돌려드려.
e11b3b92	뭐? 그런 말 안 했잖아! 이건... 아, 정말!
e1dc551b	핸드백을 들고 뉴욕을 뛰어다니게 될 줄이야.
e2ca463a	기대에 못 미치네.
e318e32f	거미 흉내나 내는 하찮은 인간!
e31b34a5	공부 안 하고 시험 보는 게 이것보단 마음 편하겠어.
e34822e0	패션을 모르는 소년이네.
e3e760a2	어쨌든 줄 타기와 엠파이어 스테이트 대학 입학이 무슨 상관이야?
e3ea9d79	이 혼잡한 곳을 잘도 빠져나가네. 감탄했어.
e46104c0	사실 나도 지금 조금 메스꺼워.
e54b0dcc	그렇다면... 어?
e69b8a4d	질리게 하려면 얼마나 더 해야 하는 거야?
e722e288	걱정 마세요. 친절한 이웃 스파이더맨이 하는 일이니까요.
e7f113a3	몇 번밖에 안 만났지만 분명히 날 싫어하는 것 같아.
e81d686a	이른 아침부터 네가 지는 걸 보니 상쾌하네.
e9f28287	날 죽이려 드는 게 재미있겠지만, 이제 슬슬...
e9ff2044	게다가 모두가 내 정체를 알아차리기 전에.
ea3c32d7	스파이더맨! 도둑을 막아 줘!
eaa82a17	뭐? 새 차인데?
eb2861ad	지금 생각해 보면 다른 진로를 골랐어야 했는지도 몰라.
ebc581bf	최첨단 병기라고? 힘없는 할머니를 잘못 말한 거 아니야?
ec29623f	그만하라고!
ec3ded84	이 멍청한 녀석!
ec70da7d	그만두지 못해!
ec7e7695	성냥개비가 너보다 빠르겠어.
ed885226	드디어 뭔가 이겼는데, 이런 기분은 익숙하지 않네.
edaf48d2	점심값이 모자라서 난 늘 배고프거든.
edc4d692	캐치볼이나 해 볼까?
edea62d2	온몸의 피가 끓는군!
edf1f880	그래야지!
ee7a8162	일어나! 정신 차려, 아가씨!
ef0b9d61	넌 이길 가망이 없어, 브록!
ef2bb47d	대체 무슨 속셈이야?
ef4058bb	범죄는 남는 장사가 아니라니까! 사실 이미 알고 있지?
efdfc03a	또 날아가 버리진 않았으니 다행이네.
f07560f7	굼뜬 괴물 녀석!
f0b5523e	이 건물은 높으니까 웹 스윙하기 좋겠어.
f0f9e4e5	터널은 이제 괜찮겠지. 다음은 저 심술쟁이야.
f11b3076	파멸시켜라!
f1534108	짜릿한 한 방을!
f1b241d0	무사해. 이제 괜찮아.
f1ce621f	도움이 필요한 사람이 있는데 정처 없이 돌아다녀선 안 되지. 아무리 멋있어도.
f20f3944	잽싸게 달아나는구나.
f2c03a59	내가 헐크였다면 벌써 끝났겠지.
f2f987cb	아차! 자국이 남겠는데.
f31d7f11	등에 난 구멍에 연속 펀치! 꽤 성가시겠지?
f3bd7f96	패스트푸드점 화장실? 여기가 훨씬 깨끗하네.
f43efae4	다음 주가 중간고사인데 이런 데서 어슬렁거리고 있네.
f4e93152	비참한 데다 흠뻑 젖었어!
f6a35e1e	진짜 데이트야. 어른들처럼 저녁 먹고 영화 보는 거.
f6f70fe0	차로 돌아가라고 했잖아!
f774c419	힘 좀 쓰는 줄 알았겠지?
f83a2350	TV를 치우지 않으면 깔리겠어!
f883d748	정말 천재야. 수의 입자 가속기 논문은 전부 읽었는데 압도당했어.
f9106492	저게 대체 뭐야?
f9279bc3	이제야 네게 제대로 본때를 보여 줄 수 있겠군.
f955d4e4	더 가까이 올 수 있을 것 같아?
f965cb7a	날... 이용했겠다...
f96987a6	무슨 뜻이야? 불덩어리가 되어 날 수 있다고 날 이길 것 같아?
f9b4a8bd	그래서 은발 아가씨를 구하러 가게 된 거지.
f9f27596	꽉 잡아!
f9fd4acd	너무 많이 맞으면 곤란해.
fa551658	좋아, 모두 나가!
fa83eac8	스파이더맨, 도와줘!
fb1935b3	거봐, 내 말이 맞지?
fb1babaa	진짜 화나게 했더니 이제 횡설수설도 안 하네.
fb704d71	아야야야! 더는 못 참아!
fc4a4a17	이번엔 평상복에 거미줄도 없이 학교 운동장에서 괴인과 싸우는 거야?
fd341159	연기에 휘말린 기분이 어떠냐?
fdfd1069	잘도 도망 다니는구나, 브록.
fe7bb111	친절한 이웃이 나설 차례야. 이거 좋은 구호지?
fe90b9e8	아, 옷 때문이구나. 그렇네.
fef9f0b1	그런데 정말 난 운이 없어.
ff74f43d	탈취제가 문제였나?
ffc3abcd	너무 작아서 지도에서도 못 찾는 음산한 소국, 라트베리아의 대사관이야.
ffd743a6	단 하루만이라도 만나는 놈한테 두들겨 맞을 걱정 없이 지내고 싶어.
fff84904	널 쓰러뜨리면 보수를 받는다. 그 돈은 무슨 일이 있어도 받아야겠어.
b1627006	내버려 둬!
bd4560ae	엎드려! 엎드려!
d2d359fb	이봐, 조심해!
dfae21e1	대체 뭐라는 거야!
e3c5044c	망할...
eb02d50d	타이어 사격 허가를 요청합니다.
efcfb75b	그래야지!
04ca78db	물론 그 거미에게 물린 뒤 엄청난 힘과 먹기 대회 선수도 놀랄 식욕을 얻은 것도.
079dbe57	너 말이야!
08eabf85	차잖아!
0cefc69f	정체는 몰라도 건물에 이런 구멍을 내는 적이라면 내게 유리할 리 없지.
0d03f055	다음은 꼭대기 층!
10f916a3	이 거미 놈!
19622461	죽여 주마!
1d46cf40	쾅이다!
26274e7b	매번 이러네.
2a390d75	이거 고맙군.
2ee10ed9	하하하! 해냈다! 죽여 버렸어!
30f1f579	이상한 말이네.
3269920c	아야!
36107e0f	머리가... 으윽!
36e046dd	우리 숙모 말씀으로는 너 같은 놈은... 아차, 말조심해야지.
387d1688	나스카 예선은 목요일이야!
3a213eec	누구야!
3f650a95	이 근처에 내 장이 떨어져 있지 않아?
44be5665	아야!
44e89212	그래야지.
451afd07	낙하한다!
4673ee4f	이 사람을 병원으로!
46e26624	악을 물리친다든가.
475872d4	잘 가!
4bb50984	그런 건 싫어.
4ff1cd89	큰일이네.
5331d23b	차를!
541e089c	바보야!
5ba8d375	동물처럼... 가둬 놓다니...
5bf9c9bb	죽여 버리겠어!
5cedf01b	위로 올라갑니다!
5fbc8448	스파이더맨이 패스트푸드점 화장실에 들어갔다가 피터 파커로 나오면 이상할까?
609aabf9	이게 무슨 일이야?
61378c7e	언제나 이 모양이야.
626462bf	이런, 서툴기도 하지.
65288044	만사휴의로군.
674c6d5f	이것 좀 봐.
686b4198	건달을 상대할 땐 힘을 조절해. 쓰러뜨린 뒤 거미줄로 묶지 않으면 다시 덤벼들 거야.
687b5627	맞다, 생각났어! 괴롭힘에 놀림에 장난까지 끊이질 않았지. 그립네.
688fd7e4	오지 마! 물러서!
688fd7e9	오지 마!
6943fecc	죽일 셈이야?
6b21e527	붙잡았다!
6beb75e1	이참에 한마디 해도 될까? 꼴좋다!
6e3ffb57	범죄의 두목이지.
6e681e4e	알아. '핸드백을 든 슈퍼히어로 좀 봐! 하하하!' 이거겠지.
71eff956	네 가게라면 기분이 어떻겠어? 그런데 너희 가게는 아니지? 그렇다면 좀 민망한데.
767e3774	또 머리가!
77ead5d4	그럼 이건 어때? 멈춰라, 사악한 무리여! 악당인가? 됐고, 그만둬! 거기 총 든 너!
7af190be	끝없이 올라가네.
7ccfd0c7	이거 진짜야?
7e29d592	아무것도...
82377992	도시의 절반은 날 거미줄 타고 날아다니는 괴인으로 알아. 신문, TV, 시시한 웹사이트까지.
8c050706	날 죽이고 싶으면서 왜 쫓아오게 만드는 걸까? 날 죽이려는 상대를 쫓는 나도 이상하지만.
8c5dc492	이봐, 뒤처지고 있어.
8c90328a	두 손을 못 쓰게 되자 치료법을 찾았고, 그 과정에서 어느 노인에게 우주의 신비를 배웠대.
8e1a273e	빗나갔지!
8ff549d6	물리친다!
9400b38b	불타라!
949a4061	가, 가!
9999cb54	아야야!
9c79df9f	아야야야!
9ed0ff31	덤벼, 괴물아!
a16106e1	어? 저건...
a2e7d155	우리 아버지들은 날 만들려고 죽었어. 다음은 네 차례다.
a51251c0	내가 챔피언이다!
a803706a	이쪽으로 온다!
abb9d6bf	악을 물리친다!
acdd3a39	그 승부 받아 주지!
b254d7ad	그 정도야 쉽지.
b5d4d13d	그런데 대부분은 대낮에 장갑차를 습격하는 멍청이들한테 써야 하지.
b83f4bb6	뭐였지?
bda11d54	급강하!
c100fb51	슈트를 조종할 수 있게 됐어. 네가 바라던 대로 말이야.
c44bff8b	젠장, 당했네.
cb69211a	빨리 해 줘!
cf2cc4e6	젠장! 머리가!
d6237305	차가!
d7d66410	해 봐.
d9cb4b86	공부하려고 견뎌 낸 괴롭힘을 생각하면, 모범생들은 원하는 대학에 보내 줘도 되잖아.
da9cdbaa	일주일에 몇 시간이나 일할 수 있을까? 야근 수당은 나올까? 메리 제인은 괜찮을까?
db708afe	차는?
df68ca5c	농담이야.
e1cb93c3	해치워!
e6b89c2d	이 괴물 자식!
ea7d72b1	이봐, 이봐. 목숨을 구해 준 은인에게 먼저 고맙다고 해 줬으면 좋겠어.
eeb8add8	말하는 물고기나 로봇의 촌극을 보느니 직접 만든 거미줄로 도시를 누비는 게 낫잖아?
f0fa8cba	어떻게 된 거야?
f18dd0ea	차와 남자는 떨어질 것 같고 아이도 구해야 하니, 거물 슈퍼히어로는 늘 바쁘네.
f1dc0498	물리쳐 볼까.
f3d0e39a	야호!
f40c1b84	자, 또 보자.
f6e1e50f	아무것도.
f6e8c13b	파커!
fe640a66	2층 건물만 한 적과 어떻게 싸울까? 그 전에 어떻게 붙잡아 둘까? 정답은 광고 후에. 살아 있다면!
