あいつ何を来てるんだ?	저 녀석 뭘 입고 있는 거야?
そんなに医者に欠かりたいか	그렇게 병원에 가고 싶냐?
そんなに医者にかかりたいか?	그렇게 병원에 가고 싶냐?
相手はたったの一人だ	상대는 한 명뿐이야!
頭おかしいんじゃね?	머리가 어떻게 된 거 아냐?
なんか、妙だぞ!	뭔가 이상한데!
もうシャレになんねえよ	이젠 장난이 아니잖아!
ほんとに本物なのか?	정말 진짜야?
本当に本物なのか?	정말 진짜야?
早くここから離れよっと	얼른 여기서 벗어나야지.
うちへ帰らせてくれ	집에 보내 줘!
うわ、スパイダーマン	와, 스파이더맨이다!
あいつのサインもらってこいよ	저 녀석 사인 좀 받아 와.
スパイダーマン助けてくれ!	스파이더맨, 도와줘!
ガッツリ盗んでやったぜ	제대로 한탕 했지!
ストレスがたまってる。	스트레스가 쌓였어.
ちゃんと弾入ってんのか?	총알은 제대로 넣은 거야?
やべえ?超やべえ!	큰일인데? 진짜 큰일이야!
グリニッジビレッジだな?	그리니치빌리지지?
なあ、俺そろそろ	저기, 난 슬슬 가 볼게.
オラ、顔面だ!	받아라, 얼굴 한 방!
戦えるものはいないのか?	싸울 줄 아는 놈 없어?
戦えるものはいないのか!	싸울 줄 아는 놈 없어?
大したことはないなぁ	별것 아니군.
へ、今のはどうだ?	헤, 방금 건 어떠냐?
へへ!今のはどうだ?	헤헤, 방금 건 어떠냐?
は、今のはどうだ?	하, 방금 건 어떠냐?
へ、どうだ今のは?	헤, 어떠냐, 방금 건?
お前たち、ちゃんとしろ!	너희, 똑바로 해!
こいつはヤバすぎだよ!	이 녀석 너무 위험해!
こいつはやばすぎだよ!	이 녀석 너무 위험해!
よく覚えておくんだ	잘 기억해 둬.
こんなくつじょく!	이런 굴욕이!
いや、俺と奴だけだ	아니, 나랑 저 녀석뿐이야.
こんなんもうたくさんだ	이런 건 이제 지긋지긋해!
なんでここにいるんだ?	왜 여기 있는 거야?
楽しませてもらおうか	어디 한번 즐겨 볼까?
手を貸してくれ!頼む!	도와줘! 부탁이야!
まだこんなもんじゃないぜ!	아직 이 정도로 끝이 아니야!
これは父から受け継いだものだ	이건 아버지께 물려받은 거야.
あのコスチュンどこで買ったんだろう?	저 의상은 어디서 샀을까?
何にもしていないのに	아무 짓도 안 했는데.
これで俺たちも有名人だ	이제 우리도 유명인이야!
テレビの方が小さく見えるなス	텔레비전에서는 더 작아 보이던데.
きぐるみじゃなかったのか?	인형 탈이 아니었어?
すぐにハルクパスターが必要だ!	즉시 헐크버스터가 필요하다!
やれるって言ってんだろ?	할 수 있다고 했잖아?
お前のパパは誰だよ	너희 아빠가 누구냐?
あのマスクを奪ってこい!	저 복면을 빼앗아 와!
続けろ、奴を仕留める	계속해! 저 녀석을 해치우자!
大丈夫よ、ありがとう	괜찮아, 고마워.
警察だ!手を上げろ!	경찰이다! 손 들어!
警察は何をしてるんだ	경찰은 뭘 하는 거야?
もう大丈夫だありがとう	이제 괜찮아. 고마워.
システムスキャンチュー	시스템 검색 중.
システムスキャン完了	시스템 검색 완료.
お前何様のつもりだ!	네가 뭔데 이래!
もう何も信じられないわ	이젠 아무것도 못 믿겠어.
地形スキャンチュー	지형 검색 중.
支払いは先週で終わってるわ!	지난주에 다 냈잖아요!
武器スキャンチュー	무기 검색 중.
こちら19号車、追跡中だ	여기는 19호차, 추적 중이다.
くっそ、はやすぎる!	젠장, 너무 빨라!
なんで、あんな動けるんだ!	어떻게 저렇게 움직이지!
こんなとこ来るつもりなかったのに!	이런 데 올 생각은 없었는데!
あの子に怪我させないでくれ!	저 아이를 다치게 하지 마!
変だと思う奴他にいるか	이상하다고 생각하는 사람 없어?
変だと思う奴他にいるか?	이상하다고 생각하는 사람 없어?
みんなは分かるよな。	너희는 이해하지?
ちょっと金渡してみろよ	돈 좀 내놔 봐.
すごいわ、スパイダーマン!	대단해, 스파이더맨!
この町どうしちゃったんだ	이 도시가 왜 이래?
こっちだ、こっちを見ろ	여기야! 이쪽을 봐!
どこに行くにも仕事を持ってくのさ	어디를 가든 일은 가져가야지.
俺の新しい車見た?	내 새 차 봤어?
大したことねぇじゃん	별것도 아니네.
私のそばに寄らないで	내 곁에 오지 마!
くらえ、マスクやろ!	받아라, 복면 자식!
そう!こいつ早いよ!	그래! 이 녀석 빨라!
この街にはもううんざりだ!	이 도시는 이제 지긋지긋해!
魚アレルギーなんだ	난 생선 알레르기가 있어.
周辺地域をスキャン中	주변 지역 검색 중.
これ最悪じゃねえか…	이거 최악이잖아...
今日は栄光の日だ!	오늘은 영광의 날이다!
この銃が見えないのか	이 총 안 보여?
こいつ、はやすぎる!	이 녀석 너무 빨라!
移動しろ!ここには何もないぞ!	이동해! 여긴 아무것도 없어!
絶対俺のじゃねえよ	절대 내 것 아냐.
警察だ!このドアホ!	경찰이다, 이 멍청아!
それでは合流地点で!	그럼 합류 지점에서 보자!
これは遊びじゃないんだ!	이건 장난이 아니야!
まだドキドキが収まらないよ	아직도 가슴이 두근거려.
お前と遊んでる暇はない	너랑 놀아 줄 시간 없어.
あとちょっとだけ届かなかった	조금만 더 뻗으면 닿았는데.
いったいどうなっちまってるんだ	대체 어떻게 된 거야?
嫌だ!やめてくれ!	싫어! 그만해!
ままになんて言ったらいいんだ	엄마한테 뭐라고 말하지?
やめてくれ、お願いだ!	그만해, 부탁이야!
計画を立てるからちょっと待ってろ	계획을 짤 테니 잠깐 기다려.
ごみめ!地面に伏せろ!	쓰레기 자식! 바닥에 엎드려!
どうなってんのよ!	어떻게 된 거야!
もし逃げたら容赦しねえぞ	도망치면 가만 안 둘 거다!
続けろ、奴を倒すんだ!	계속해! 저 녀석을 쓰러뜨려!
なんだあれは光ってるぞ	저게 뭐지? 빛나고 있어!
急いで行かなきいけないの。	빨리 가야 해.
その体を切り裂いてやる	그 몸을 찢어 주마!
テレビのほうが若く見えるね	텔레비전에서는 더 젊어 보이네.
テレビの方が若く見えるね	텔레비전에서는 더 젊어 보이네.
お前はここで死ぬんだ	넌 여기서 죽는다!
あんたほんとにすげえや	당신 정말 대단해!
それでヒーローのつもりか?	그러고도 영웅이라고?
下がると言っただろ!	물러서라고 했잖아!
剥がせ!これを剥がせ!	떼어 내! 이것 좀 떼어 내!
ちょっと、乗せてくれない?	저기, 좀 태워 줄래?
俺には仲間がいるんだぞ	나한테는 동료가 있다고!
これでもまだダメらしい!	이래도 아직 안 되는 모양이군!
やられた!やられた!	당했다! 당했어!
すごいな、かっこよかったぞ!	대단한데, 멋졌어!
都市伝説じゃなかったのか?	도시 전설이 아니었어?
テレビのほうがワイルドに見えるな	텔레비전에서는 더 거칠어 보이던데.
テレビの方がワイルドに見えるな	텔레비전에서는 더 거칠어 보이던데.
お前と遊んでいる暇はない!	너랑 놀아 줄 시간 없어!
下がらないと撃つぞ!	물러서지 않으면 쏜다!
俺の親父知らないのか?	우리 아버지가 누군지 몰라?
乱暴はしないでくれ!	해치지 말아 줘!
これだよ!やってやる!	이거야! 해 보자고!
倍にして返してやる!	두 배로 갚아 주겠어!
テレビのほうが痩せて見えるのね	텔레비전에서는 더 날씬해 보이네.
テレビの方が痩せて見えるのね	텔레비전에서는 더 날씬해 보이네.
スパイダーマンだすげぇ	스파이더맨이다! 대단해!
顔は、顔はやめろ!	얼굴은, 얼굴은 때리지 마!
うわぁ、ビビった!	으악, 깜짝이야!
貴様のような奴にはヘドが出る	너 같은 놈은 구역질이 나.
テレビのほうが太って見えるね	텔레비전에서는 더 뚱뚱해 보이네.
テレビの方が太って見えるね	텔레비전에서는 더 뚱뚱해 보이네.
もう、キスしちゃいたいくらいだ!	정말, 입 맞추고 싶을 정도야!
あのスパイダーマンが現れたぞ	그 스파이더맨이 나타났어!
この馬鹿を見ろよ!	이 멍청이 좀 봐!
テレビのほうが弱そうに見えるわね	텔레비전에서는 더 약해 보이네.
テレビの方が弱そうに見えるわね	텔레비전에서는 더 약해 보이네.
痛い!気をつけろよ!	아야! 조심 좀 해!
あれ、ミュータントってやつでしょ?	저거 뮤턴트라는 거지?
さあ行きましょうスパイダーマン	자, 가요, 스파이더맨.
ちゃんと撃てる奴はいないのか!	제대로 쏠 줄 아는 놈 없어?
これ兄さんの車なの!	이거 오빠 차란 말이야!
バッグはしっかり持ってなさいね	가방은 꼭 잡고 있으렴.
支払いは先週で終わったんだ	지난주에 다 냈어.
Tシャツ全シリーズ持ってるよ	티셔츠 시리즈는 전부 갖고 있어.
着ぐるみじゃなかったのか	인형 탈이 아니었어?
一体どうしたって言うんだ	대체 무슨 일이야?
いいぞ、スパイダーマン!	잘한다, 스파이더맨!
俺の親父知らねえのか?	우리 아버지가 누군지 몰라?
殺されたくなきゃ来い!	죽기 싫으면 이리 와!
俺よりちっちゃいじゃん	나보다 작잖아.
ボーナスは出るんだろうな	보너스는 주겠지?
スピードを落とさないな	속도를 줄일 줄 모르는군.
あれはすごい乱闘だったよ	정말 엄청난 난투극이었어.
あれはすごい乱闘だったわ	정말 엄청난 난투극이었어.
こいつはもう俺のもんだ!	이건 이제 내 거야!
なんとお礼を言ったらいいか	어떻게 감사해야 할지 모르겠어요.
またおいでなっつってか!	또 오라는 거냐!
この街にはもううんざるよ!	이 도시는 이제 지긋지긋해!
おい、なんなんだこりゃ!	이봐, 이게 대체 뭐야!
お金を取り返したいんだ	내 돈을 되찾고 싶어!
ギッタギタにしてやれ!	박살 내 줘!
あいつはやってないと思うね	저 녀석은 안 그랬을 거야.
お前そりゃ何のつもりだ!	너, 무슨 생각으로 그러는 거야!
粉々にしてやる	가루로 만들어 주마!
誰か何とかしてよ	누가 어떻게 좀 해 줘!
今のどうやったんだ?	방금 어떻게 한 거야?
一体どうなってるのよ!	대체 어떻게 된 거야!
見てくれ武器はおろすから!	봐, 무기는 내려놓을게!
ここで死ぬのさお前は!	넌 여기서 죽는 거야!
ちょっとあれ見てよ!	저기, 저것 좀 봐!
目標が地上に降下!	목표가 지상으로 내려간다!
やれー!	해치워!
腹減ったぞ	배고파!
エンゴ、誰か	지원해 줘, 누구라도!
最初から勝負は見えている	처음부터 승부는 뻔했어.
見えない	안 보여.
なんでそうなるの?	왜 그렇게 되는 거야?
接敵	적과 접촉!
目標、ダウン	목표 제압.
コスチュームどこで買ったのかしら	저 의상은 어디서 샀을까?
誰か助けて	누가 좀 도와줘!
もうキスしちゃいたいくらいだ	입 맞추고 싶을 정도야!
死にたくなきゃ急げ	죽기 싫으면 서둘러!
何が起こってるんだ?	무슨 일이 벌어지는 거야?
俺を怒らせたな	날 화나게 했겠다!
危なかったな	위험했어.
世の中どうしちまったんだ	세상이 어떻게 된 거야?
それでも強いつもりか?	그러고도 네가 강한 줄 알아?
この書類カバン匂うんだけど	이 서류 가방에서 냄새가 나는데.
何もしてないのに!	아무 짓도 안 했는데!
お前はこっち、俺は向こうへ	넌 이쪽, 난 저쪽으로 간다.
こんなはずじゃなかったのに	이럴 리가 없는데!
がっつり盗んでやったぜ	제대로 한탕 했지!
ちゃんと撃てるやついないのか!	제대로 쏠 줄 아는 놈 없어?
やめろよ、痛いって!	그만해, 아프다고!
痛めつけろ!	혼쭐을 내 줘!
ほら、財布あげるわ	자, 지갑 줄게.
そんなに自分が強いとでも?	그렇게 네가 강한 줄 알아?
いつになったらつながるんだよ	대체 언제 연결되는 거야?
どうよ!	어떠냐!
子供にあなたの名前をつけた	아이 이름을 당신 이름으로 지었어요.
地下鉄にすりゃよかった	지하철을 탈걸 그랬어.
叩きのめしてくれる!	두들겨 패 주마!
来やがれ!	덤벼!
あたしの車は!	내 차는!
は、KOだぜ	하, KO다!
くそ	젠장!
やっちまえ	해치워!
ジープ部隊デルタウイスキーへ	지프 부대, 델타 위스키로 이동.
叩きのめそう	두들겨 패 주자!
司令部もう無理だ	사령부, 더는 못 버티겠다!
停戦だ!	사격 중지!
出るんだ!	나와!
タイヤ射撃許可を!	타이어 사격 허가를 요청한다!
馬鹿か	바보냐?
たく、踏んだり蹴ったりだ	정말, 되는 일이 하나도 없네.
お前なにさまのつもりだ!	네가 뭔데 이래!
私のバーグ!	내 가방!
こんなのもう沢山だ!	이런 건 이제 지긋지긋해!
後よろしく!俺は行くよ!	뒤는 부탁해! 난 갈게!
女を撃つぞ!	여자를 쏘겠다!
痛て!	아야!
銃だ!構えて撃て!	총이다! 조준하고 쏴!
合流地点で再結集だ!	합류 지점에서 재집결하자!
めちゃくちゃにやられてる	완전히 당하고 있어!
命あっての物だね、だ!	목숨이 붙어 있어야 뭘 하지!
わかった、降参だ	알았어, 항복이야.
職場の人に言わなくっちゃ	직장 사람들한테 말해야겠어.
撤収	철수!
人がどういうようと気にしないよ	남들이 뭐라든 신경 안 써.
全く恥をしれ	정말 부끄러운 줄 알아!
あの人何をしてるんだ	저 사람 뭐 하는 거지?
燃える	불탄다!
おもしれー	재밌군!
弱ってきたな、カスメ	약해졌구나, 쓰레기!
こっから逃げよう	여기서 도망치자!
ーまたあいつらだ	또 저놈들이야.
ちゃんと気をつけてよ	좀 조심해!
ここから脱出する	여기서 탈출한다!
こんなものいらん	이런 건 필요 없어.
すげえな	굉장한데!
他の人と目を合わせちゃだめよ	다른 사람과 눈 마주치지 마.
クズミュタントめ	쓰레기 같은 뮤턴트!
ぶっ殺せえ	죽여 버려!
被弾	피격당했다!
警報は	경보는?
男を撃つぞ	저 남자를 쏘겠다!
真っ二つにしてやれ	두 동강 내 버려!
こんなの嫌	이런 건 싫어!
何の話だかさっぱり分からないね	무슨 소린지 전혀 모르겠는데.
今のはどうだ	이번엔 어떠냐?
今日から俺も有名人だ	오늘부터 나도 유명인이야.
無茶苦茶だ	엉망진창이야!
くそー、早すぎる	젠장, 너무 빨라!
それで強いつもりか	그걸로 강한 줄 아냐?
真っ二つにしてやれー	두 동강 내 버려!
なーによ	뭐야!
ぶっ殺せー	죽여 버려!
退避だ	대피하라!
もう終わりだ	이젠 끝이야!
撃てー	쏴라!
勝手にしろ、俺は引くぞ	맘대로 해. 난 빠질 테니까!
かかれ	공격해!
ちゃんと撃てる奴はいないのか	제대로 쏠 줄 아는 놈 없어?
ぶちのめせー	박살 내 버려!
ーなんて屈辱だ	이런 굴욕을 당하다니!
虫野郎	벌레 자식!
燃えろ	불타라!
まずいぞ	큰일이군!
いい加減にしてよ	이제 그만 좀 해!
まだまだこんなもんじゃないぜ	아직 멀었어!
もっと苦しめ	더 괴로워해라!
テレビの方が太って見えるね	TV에선 더 뚱뚱해 보이던데.
俺がやる	내가 하겠어!
もう十分だ	이제 충분해!
…ほほ、やるな	제법인데!
まっ、二つにしてやれー	두 동강 내 버려!
言ってない	그런 말 안 했어.
本当にいるとは思わなかった	정말 있을 줄은 몰랐어.
誰	누구야?
ねえ、お助けを	제발 도와주세요!
えっと、鍵無くしました	저기, 열쇠를 잃어버렸어요.
色んな意味で楽しめそうだ	여러모로 재밌겠군.
一日中ゲームってホント	온종일 게임만 한다는 게 사실이야?
計画を立てるからちょっと待ってろ!お	계획을 세울 테니 잠깐 기다려!
やべぇ… 超やべぇ	큰일이다. 진짜 큰일 났어!
お前はここで死ぬんだ	넌 여기서 죽는다!
ボコボコにしてやろうぜ	흠씬 두들겨 패 주자!
余計なことをしてくれたな	쓸데없는 짓을 했군.
ああ、ナイスだぜ	아, 멋진데!
ナイフ1本でも無理ってわけじゃないかな	칼 한 자루로도 못 할 건 없겠지.
だから、ここなんだってば	그러니까 여기라니까!
やべぇ死ぬところだったよ	휴, 죽을 뻔했어!
全く姿を見せないなんて信じられる	아예 모습을 안 보이다니 믿겨?
テレビの方が大きく見えるわね	TV에선 더 커 보이던데.
いつになったら繋がるんだよ	대체 언제 연결되는 거야?
あ、もうダメ	아, 이젠 안 돼!
テレビの方が強そうに見えるね	TV에선 더 강해 보이던데.
このインチキヤローが	이 사기꾼 자식!
相手が誰か分かってるんだろうな	네 상대가 누군지는 알고 있겠지?
へっどうだい気分は	어때, 기분이?
まさか、ここクインズ	설마 여기가 퀸스야?
お腹が…	배가...
見ろ!スパイダーマンだ	봐! 스파이더맨이야!
こんなの 予定と違うぞ	이건 계획과 다르잖아!
アルティメッツ! 早く来てくれ	얼티미츠! 빨리 와 줘!
俺の恐ろしさを知らんな	내가 얼마나 무서운지 모르는군!
お前がめちゃくちゃにしたんだ	네가 다 망쳐 놨어!
やつだって全員は追えないさ	저놈도 전부 쫓지는 못할 거야!
スパイダーマンだって?馬鹿な	스파이더맨이라고? 말도 안 돼!
それじゃあ楽しませてもらおうか	그럼 좀 즐겨 볼까?
テレビで見るより怖いなぁ	TV로 볼 때보다 무섭네.
とにかく奴を攻撃し続けろ	어쨌든 계속 공격해!
他にすることないの	다른 할 일 없어?
俺たちの名を上げる時が来た	우리 이름을 알릴 때가 왔다!
ジープ部隊、アルファズールへ	지프 부대, 알파 줄루로 이동.
俺その靴気にいらないって言っただろ	그 신발 맘에 안 든다고 했잖아?
目標、シータラインを通過中	목표, 세타선을 통과 중.
それは裁判で言ってくれ	그건 법정에서 말해.
これは友達に言わなくちゃ	친구한테 말해야겠어!
海兵隊! 早く来てくれ	해병대! 빨리 와 줘!
どこに行くにも仕事を持って行く	어딜 가든 일을 가져가네.
システムスキャン 実行可能	시스템 검사 준비 완료.
誰か聞こえるか、やられた	누구 들리나? 당했다!
彼女そんなこと言ってなかったけど	그 애는 그런 말 안 하던데.
血が出るのか?こいつはいい	피도 흘리나? 이거 좋군!
テレビの方が弱そうに見えるのね	TV에선 더 약해 보이던데.
お前みたいなのに用はない	너 같은 놈한텐 볼일 없어.
その靴気にいらないって言ったでしょ	그 신발 맘에 안 든다고 했잖아?
これからERの順番待ちよ	이젠 응급실에서 기다려야겠네.
俺はこの街が大好きだ	난 이 도시가 정말 좋아.
こんなの予定と違うぞ	이건 계획과 다르잖아!
撃てよ、こんなの楽勝だ	쏴! 이 정도는 식은 죽 먹기야!
おい!やっちまおうぜ	야! 해치워 버리자!
こいつが撃たれてもいいのか	이놈이 총에 맞아도 좋아?
空軍が早く到着しますように	공군이 빨리 도착하게 해 주세요!
やるわね、スパイダーマン	제법인데, 스파이더맨!
頭おかしくなっちゃったみたい	머리가 어떻게 됐나 봐.
テレビの方が太って見えるわね	TV에선 더 뚱뚱해 보이던데.
ママになんて言えばいいの	엄마한테 뭐라고 말하지?
別に怪物じゃなかったのね	괴물은 아니었네.
今夜こそは逃がさんぞ	오늘 밤엔 절대 못 도망간다!
有名人になるチャンスだぜ	유명해질 기회야!
いやだ!やめてくれー	싫어! 그만해!
ドキドキが収まらないわ	가슴이 계속 두근거려.
来やがれこのパジャマ野郎	덤벼, 이 잠옷 자식!
これは兄さんに言わなくちゃ	오빠한테 말해야겠어!
武器システム 実行可能	무기 시스템 준비 완료.
こいつ マジでイラつくぜ	이놈 진짜 짜증 나네!
最高ね、スパイダーマン	최고야, 스파이더맨!
はぁ! 役立たずめ	쓸모없는 놈!
くらえ!マスクヤロー	받아라, 가면 자식!
テレビだと左利きだと思ってた	TV 보고 왼손잡이인 줄 알았어.
戦いだ!腕が鳴るな	싸움이다! 몸이 근질거리는군!
こっちだ こっち見ろ	여기야! 여길 봐!
いい加減にしないと引っ張たくよ	그만 안 하면 한 대 때릴 거야!
これで攻撃を完了する	이것으로 공격을 마친다.
あ、もう、もうダメだ	아, 이제 못 버티겠어!
えぇ、足元気をつけて	발밑 조심해!
いい大人がコスチュームか	다 큰 어른이 코스튬이라니?
どこから始めたらいいのかな	어디부터 시작해야 할까?
おい!あいつ早いぞ	야! 저놈 빠르다!
まったくなんて人たちなの	정말 저 사람들 왜 저래?
人生は一度きりだからな	인생은 한 번뿐이니까.
どうやらこいつは殴られたいらしい	아무래도 이놈은 맞고 싶나 보군.
こんなとこに来るつもりなかったのに	이런 데 올 생각은 없었는데.
そんなに医者に係りたいか	그렇게 병원에 가고 싶냐?
銃を家に置いてくるとはな	총을 집에 두고 오다니.
これで俺も有名人だぜ	이제 나도 유명인이야!
応援と航空支援を要請する	증원 및 항공 지원을 요청한다.
これは妹たちに言わなくちゃ	여동생들한테 말해야겠어!
この町どうかしてるわ	이 동네 이상해!
いつまで調子に乗ってんだよ	언제까지 까불 셈이냐?
ちゃんと打てるやつはいないのか	제대로 쏠 줄 아는 놈 없어?
いったいどうなってんの…	대체 어떻게 된 거야?
あんな野郎、なんでもないぜ	저런 놈 별거 아니야!
なんでそうなるの	왜 그렇게 되는 거야?
テレビの方が毛深く見えるね	TV에선 털이 더 많아 보이던데.
ジープ部隊 パパブラボへ	지프 부대, 파파 브라보로 이동.
靴が気に入ったの、あげるわ	신발이 맘에 들어? 줄게!
応援してるよ、スパイダーマン	응원할게, 스파이더맨!
顔を踏みつけられる気分はどうだ	얼굴을 짓밟히는 기분이 어때?
顔踏み付けられる気分は	얼굴을 짓밟히는 기분이 어때?
お前のことが心配なんだ	네가 걱정돼.
ああ、よかった、ありがとう	아, 다행이다. 고마워!
市長が知ったらただじゃすまないぞ	시장이 알면 가만 안 둘 거야!
妹たちに言わなくちゃ	여동생들한테 말해야겠어!
この町どうなってるのよ	이 동네 왜 이래!
シャツが破れちまった	셔츠가 찢어졌잖아!
なんでチケットが手に入らないんだ	왜 표를 구할 수 없는 거야?
お前ら、俺はダメかもしれん	얘들아, 난 틀렸는지도 몰라.
急いで行かなきゃいけないの	서둘러 가야 해?
お前はただの腰抜けだ	넌 그냥 겁쟁이야!
兄貴が言ってたことは間違ってた	형이 한 말은 틀렸어.
もはやしゃれにならん	이젠 장난이 아니야!
みんなしっかり行こう	모두 정신 바짝 차려!
マスクを外して手を上げろ	가면 벗고 손 들어!
これが俺たちの限界なのか	이게 우리의 한계인가!
顔踏み付けられる気分はどうだ	얼굴을 짓밟히는 기분이 어때?
まともな俳優として扱ってもらいたいんだ	제대로 된 배우로 대접받고 싶어.
なんか顔についた?は	얼굴에 뭐 묻었어?
候補にすら上がらなかった	후보에도 못 올랐어.
どうか夢なら覚めてくれ	꿈이라면 제발 깨어나게 해 줘!
キスしちゃいたいくらいだわ	키스라도 해 주고 싶어!
あんたのおかげで助かってるよ	당신 덕분에 살았어!
ああ、またあいつらだ	아, 또 저놈들이야.
すぐにハルクバスターが必要だ	당장 헐크버스터가 필요하다!
へぇ、こいつはいいや	오, 이거 좋군!
スピード落とさないな	속도를 줄이지 않는군.
その靴いいじゃん どこで買ったの	그 신발 괜찮네. 어디서 샀어?
直ちに攻撃完了せよ	즉시 공격을 완료하라!
こんなのもうたくさんだ	이런 건 이제 지긋지긋해!
このベタベタを取れよ	이 끈적한 것 좀 떼 줘!
はっはっ、こいつはいい	하하, 이거 좋군!
やっぱりほんとはいいやつなんだよな	역시 사실은 좋은 녀석이구나!
しとめたら、じゃあ終わりにするか	해치웠으니 슬슬 마무리할까?
誰相手にしてるかわかってっか	네 상대가 누군지 알아?
靴が気に入ったのか、ならやるよ	신발이 맘에 들어? 그럼 줄게!
俺が先制したようだな	내가 먼저 한 방 먹였군!
いやでも俺のこと覚えたろ	싫어도 날 기억하게 됐겠지!
おい、銃に触るんじゃねぇ	야, 총에 손대지 마!
貴様はどこか故障してるんだ	너 어디 고장 났구나!
スーパーヒーロー発見	슈퍼히어로 발견!
やめてくれ!俺の宝なんだ	그만해! 내 보물이야!
いつもの元気はどこ行ったんだ	평소의 기세는 어디 갔어?
あー、めちゃくちゃだー	아, 엉망진창이야!
作戦地域から撤退だ	작전 지역에서 철수하라!
そうそうこれのことだ	맞아, 바로 이거야.
よーし!こいつを待ってたんだ	좋아! 이걸 기다렸다고!
アクションフィギュア全部持ってるよ	액션 피규어 전부 갖고 있어!
靴が気に入ったのか?ならやるよ	신발이 맘에 들어? 그럼 줄게!
お前らやるなぁ!おい	너희 제법인데!
へっ! ちょっと待ってくれ	잠깐만 기다려 줘!
よ、なんだこの馬鹿は	뭐야, 이 멍청이는?
勝負あった! 撤収	승부는 끝났다! 철수!
誰か、海兵隊を呼んで	누가 해병대 좀 불러 줘!
一体どうなっちまってるんだ	대체 어떻게 된 거야?
ママに言わなくちゃ	엄마한테 말해야겠어!
俺が誰かわかってるんだろうな	내가 누군지는 알고 있겠지?
バカやろ!おい、邪魔だ	멍청아! 야, 비켜!
強いってのは所詮噂だな	강하다는 건 헛소문이었군!
いつもの元気はどこ行った	평소의 기세는 어디 갔어?
しっかり捕まってる	꽉 붙잡고 있어!
恐ろしいミュータント目	무서운 뮤턴트 녀석!
かなり大きなダメージを食らった	상당한 피해를 입었다!
ブロックを地上で確認	지상에서 브록 확인.
痛てーじゃねーかよ	아프잖아!
今度やったらどっつき返すわよ	한 번만 더 그러면 나도 때릴 거야!
スパイダーマンって本当にいたのか	스파이더맨이 정말 있었구나!
目標、ローラインを通過中	목표, 로선을 통과 중.
彼女は言ってなかったけど	그 애는 그런 말 안 하던데.
ジープ部隊マイクオスカへ	지프 부대, 마이크 오스카로 이동.
撤退の指令をすぐにだ	즉시 철수 명령을 내려!
お前など見てるだけではきけがする	너만 봐도 구역질이 나!
ジープ部隊 ゴルフユニフォームへ	지프 부대, 골프 유니폼으로 이동.
何もしないからお願い	아무 짓 안 할게. 제발!
武器システム完全実装	무기 시스템 완전 가동.
な!覚えておくんだな	잘 기억해 둬!
何もしないわ、お願い	아무 짓 안 할게요. 제발!
スパイダーマンだと!まさか	스파이더맨이라고? 설마!
ほらパワーが落ちてきたぜ	이봐, 힘이 빠지고 있잖아!
こちらの方が数が多い	우리 쪽 수가 더 많다!
一体世の中どうなってるの	대체 세상이 어떻게 된 거야?
シャッターチャンスはまだかしら	사진 찍을 기회는 아직인가?
シールドシステム 充電完了	방어막 시스템 충전 완료.
靴気にいらないって言ったろ	그 신발 맘에 안 든다고 했잖아?
こんな時に警察は何してるの	이럴 때 경찰은 뭐 하는 거야?
お前のしてることには賛同するよ	네가 하는 일을 지지해.
その靴気にいらないって言ったろ	그 신발 맘에 안 든다고 했잖아?
最高の休暇になったよ	최고의 휴가가 됐어!
警察が早く来てくれますように	경찰이 빨리 오게 해 주세요!
シャキッとしろよ絶対やれるって	정신 차려! 분명 할 수 있어!
一体どうやるのかさっぱりわからない	대체 어떻게 하는 건지 모르겠어.
よーこれテレビか何か	이거 TV 촬영 같은 거야?
ジープ部隊 ホテルタンゴへ	지프 부대, 호텔 탱고로 이동.
本当に助かったわ	정말 덕분에 살았어!
このインチキ野郎が	이 사기꾼 자식!
俺の獲物だ	내 사냥감이다!
痛めつけろー	혼쭐을 내 줘!
ネットで買えんのか	인터넷에서 살 수 있어?
命あってのものだねだ	목숨이 붙어 있어야 뭘 하지!
はっ!命中だ	명중이다!
な、なんか妙だぞ	뭐, 뭔가 이상한데.
おいおい	이봐, 이봐!
あっ!痛てー	아, 아파!
奇妙だな	이상하군.
まあ、頼むよ	부탁 좀 하자.
あんたすげぇや	당신 대단하다!
頼む!やめろー	제발! 그만해!
まただわ	또야!
そこだー	거기다!
女を撃ちぞ	여자를 쏘겠다!
あ、痛い	아, 아파!
僕の車	내 차!
あ〜まずい〜	아, 큰일이다!
思い知ったか	똑똑히 알았냐!
うわーおいやめろ	으악! 이봐, 그만해!
ニューヨーク万歳	뉴욕 만세!
だ!おい、撃つぞ	이봐, 쏠 거야!
このやろ	이 자식!
アホクセー	어처구니없군.
うふふ、よし	흐흐, 좋아!
なぁ…神様	제발... 하느님!
やめてー	그만해!
痛っ!何だよお前	아야! 너 뭐야!
いや!やめて	싫어! 그만해!
はぁ、こいつはいい	하, 이거 좋군!
さあ、覚悟しな	자, 각오해라!
ああ、痛いな	아, 아프잖아!
あ、痛いな	아, 아프잖아!
顔は顔はやめろー	얼굴은 때리지 마!
おぉ!腕が	아! 내 팔!
はぁ、やるな	제법인데!
男を打つぞ	저 남자를 쏘겠다!
地形スキャン完了	지형 탐색 완료.
お前らやるな	너희 제법인데!
力が抜ける	힘이 빠진다.
お、車降りな	차에서 내려!
地形状態不良	지형 상태 불량.
またなの	또야?
トットト、降りな	냉큼 내려!
母さんは聖人だった	우리 어머니는 성인이셨어.
くそ、撤収しよう	젠장, 철수하자!
撃てない	쏠 수 없어!
攻撃失敗!失敗	공격 실패! 실패!
これで、とどめだ	이걸로 끝이다!
あのマスクを	저 가면을!
だ…だめだ	아... 안 돼.
あ、すべる	앗, 미끄러워!
落ちるのはやだよ	떨어지긴 싫어!
さ、さ、寒い	추, 추워!
パジャマやろー	잠옷 자식!
き、きてみやがれ	더, 덤벼 봐!
あっ落ちる落ちる	앗, 떨어진다! 떨어져!
あっもう限界だ	아, 이제 한계야!
ああ…まずいな…	아... 큰일이네.
うわ、なんてことを	으악, 무슨 짓이야!
うわ!すごいな	와! 대단하다!
腕が鳴るな	몸이 근질거리는군!
もう終わった	벌써 끝났어!
女を打つぞ	여자를 쏘겠다!
はっは!すげー	하하! 굉장해!
損害を報告しろ	피해 상황을 보고하라!
ゲームアップだ	게임 끝이야!
あ、あ、見えない	아, 앞이 안 보여!
救援を早く	빨리 지원을 보내 줘!
や、やられた	다, 당했다!
なんだとぉ	뭐라고?
何なんだ?これは	뭐야, 이건?
いいから罰金を払え	됐으니까 벌금이나 내!
クソッタレー	제기랄!
死にたくないー	죽기 싫어!
弁護士呼ぶからな	변호사 부를 거야!
あなたって最高	당신 최고야!
誰か! 助けてー	누구 없어요! 도와줘요!
あなた、最高	당신 최고야!
落ちる	떨어진다!
大当たりだ	제대로 맞혔다!
ねちっこいやつだな	끈질긴 녀석이군!
ああ、まただ	아, 또야!
サイン 貰えるかな	사인 좀 받을 수 있을까?
熱いだろ	뜨겁지?
ち、外したか	쳇, 빗나갔나.
早いぞ	빠르다!
なぁ! クソがぁ	제기랄!
い、痛い	아, 아파!
どういうことで	무슨 일이야?
娘に言わなくちゃ	딸한테 말해야겠어!
よーし!やれるな	좋아! 할 수 있겠어!
サインもらえないか…いや、子供にね	사인 좀 받을 수 있을까? 애 주려고.
はっはっ! 驚いたか	하하! 놀랐냐?
なんだよ! この気色悪いの	뭐야, 이 징그러운 건!
あんなとこ戻れるわけねえよ	그런 데 다시 갈 수 있을 리가 없잖아!
クソ! もうたくさんだ	젠장! 이제 지긋지긋해!
じゃああとよろしく、俺はいくよ	그럼 뒤를 부탁해. 난 갈게!
誰かあいつに服着せてやれよ	누가 저놈 옷 좀 입혀 줘!
こ、こいつはヤバすぎだよ	이, 이놈은 너무 위험해!
どうだい、ヒーローさんよ	어떠냐, 영웅 나으리!
丸焼けにしてやるよ	통구이로 만들어 주마!
お前、何かの虫だっけ	너 무슨 벌레였지?
これは、一体なんだ	이건 대체 뭐야?
タク、踏んだり蹴ったりだ	젠장, 엎친 데 덮친 격이네!
なんでここにいるんだ	왜 여기 있는 거야?
わかったわかった!わかった	알았어! 알았다고!
お前馬鹿か、スパイダーマンだぞ	멍청아, 스파이더맨이잖아!
これ、最悪じゃねぇか	이거 최악이잖아!
立ち去らなきゃ一生後悔するぜ	안 물러나면 평생 후회할 거다!
へっ、散歩のつもりか	산책이라도 하는 줄 아냐?
お前は俺のボスじゃない	넌 내 상사가 아니야!
何でも好きなことをすればいい	뭐든 마음대로 해.
姿を見せなかったなんて信じられる	얼굴도 안 비쳤다니 믿겨?
運転を分かってない奴が多すぎる	운전할 줄 모르는 놈이 너무 많아.
オフィスに電話したけどいなかった	사무실에 전화했는데 없더라.
どうした?ぶっ壊せ	왜 그래? 박살 내!
このぼったくりの役立たずが	이 바가지나 씌우는 쓸모없는 놈!
そんなに自分が強いと思っていたのか	네가 그렇게 강한 줄 알았냐?
オラオラ、パワーが落ちてきたぜ	이봐, 힘이 빠지고 있잖아!
目の前に何か邪魔な奴がいるわけだが	눈앞에 거슬리는 놈이 하나 있군.
俺が前に言った通りだ	내가 전에 말한 대로잖아.
おやじの弁護士を呼んだ方がいいかな	아버지 변호사를 불러야 하나?
もし逃げたら容赦しねえぞ	도망치면 가만 안 둔다!
お前はこっちだ!私は向こうへ行く	넌 이쪽으로! 난 저쪽으로 간다!
おい! 奴を見たか	야! 저놈 봤어?
おい! こいつめちゃくちゃにしてやろうぜ	야! 이놈 박살 내 버리자!
低くしてろ! 言う通りにするんだ	몸 낮춰! 시키는 대로 해!
アイツをコケにしてやるんだ	저놈을 웃음거리로 만들어 주자!
静かにしてろ! 奴はまだいるぞ	조용히 해! 놈은 아직 여기 있어!
靴が気に入ったの?あげるわ	신발이 맘에 들어? 줄게!
おい、みんな逃げるぞ	야, 모두 도망쳐!
ちゃんと弾入ってんのか	총알은 제대로 넣었냐?
足引っ掛けてくれるだけでいいから	발만 걸어 줘도 되니까!
ああ、ちょっとちびった	아, 조금 지렸어.
何だ?何が欲しいんだ	뭐야? 뭘 원하는 거야?
あのコスチュームどこで買ったんだろう	저 의상은 어디서 샀을까?
全くなんでこんなことをしなきゃいけないんだ	정말 왜 이런 일을 해야 하는 거야!
スパイダーマンは俺がやる	스파이더맨은 내가 맡는다!
はっ!決めてやろうぜ	끝장을 내 주자!
はっ!いつまで調子に乗ってんだよ	언제까지 까불 셈이냐?
へっ!そう簡単にはやられないぞ	그렇게 쉽게 당하진 않는다!
相手にしてるのが誰かわかってるんだろうな	네 상대가 누군지는 알고 있겠지?
分かれよ!そうすれば追って来れない	흩어져! 그러면 쫓아오지 못해!
分かれよ!そうすれば追ってはこれまい	흩어져! 그러면 쫓아오지 못할 거다!
あの虫ケラを排除せよ	저 벌레를 제거하라!
頭をかちわってやる	머리통을 쪼개 주마!
寝ないなら俺が寝かせてやる	안 자겠다면 내가 재워 주지!
ああ、やっぱり自力で逃げるんだった	아, 역시 혼자 도망칠걸 그랬어!
さあ 楽しませてもらおうか	자, 좀 즐겨 볼까?
我らの名を世に知らしめる時が来た	우리 이름을 세상에 알릴 때가 왔다!
うわ、スパイダーマンって本当にいたのか	와, 스파이더맨이 정말 있었구나!
ああ、スパイダーマンって本当にいたのか	아, 스파이더맨이 정말 있었구나!
だからここだ、ここなんだってば	그러니까 여기! 여기라니까!
こんな時に警察は何をしてるの	이럴 때 경찰은 뭐 하는 거야?
あんたがいなければどうしようもないよ	당신 없었으면 어쩔 뻔했어!
あんたは偉い!偉いよ	당신 대단해! 정말 대단해!
さっさと移動しろ!ここには何もないぞ	빨리 이동해! 여기엔 아무것도 없어!
スパイダーマンなのか	스파이더맨인가?
ジープ部隊、ズール・ゴルフへ	지프 부대, 줄루 골프로 이동.
はっ!そう簡単にはやられないぞ	그렇게 쉽게 당하진 않는다!
こいつが計画したんだ、俺は関係ない	이놈이 계획했어. 난 상관없어!
別れよ、そうすれば追ってはこれまい	흩어져! 그러면 쫓아오지 못할 거다!
すごいなぁ、かっこよかったぞ	대단해! 정말 멋졌어!
え、こいつやたら興奮してやがる	이놈 엄청 흥분했네!
へへ、そう簡単にはやられないぞ	그렇게 쉽게 당하진 않는다!
サインもらえるかな?あ、いや、子供がね	사인 좀 받을 수 있을까? 애 주려고.
目標 パイラインを通過中	목표, 파이선을 통과 중.
目標 カッパラインを通過中	목표, 카파선을 통과 중.
目標 エータラインを通過中	목표, 에타선을 통과 중.
目標 建物側面上で発見	건물 측면에서 목표 발견.
うわー! なんだこれや	으악! 이게 뭐야!
黙らなかったら顎を砕いてやる	안 닥치면 턱을 부숴 주마!
はっ!頭を勝ち割ってやる	머리통을 쪼개 주마!
こっちの方がずっと数が多いぜ	우리 쪽 수가 훨씬 많다고!
へっ、お前を切り刻んでやる	널 갈기갈기 찢어 주마!
とんでもないとこに来ちゃった	말도 안 되는 데로 와 버렸네.
ああ、なんてこった	아, 맙소사!
おー!ちょっとあれってスパイダーマン	어! 저기 스파이더맨 아니야?
一体どうなってるんだ	대체 어떻게 된 거야?
スパイダーマン!あんたは男だ	스파이더맨! 당신 진짜 사나이야!
てめぇ!今何をした	너! 방금 무슨 짓을 한 거야!
てめぇ!何すんだよ	너! 뭐 하는 짓이야!
全員退避!これは命令だ	전원 대피! 명령이다!
え、スパイダーマン乗せてってよ	스파이더맨, 나도 태워 줘!
…急いで行かなきゃいけないところがあるな	서둘러 가야 할 데가 있는데.
ああ、あんたは真の男だな	아, 당신 진짜 사나이구나!
顔面パンチてのはこうやるんだ	얼굴에 주먹을 날릴 땐 이렇게 하는 거야!
お前の助けは必要ないし、欲しくもない	네 도움은 필요도 없고 원하지도 않아.
なぁ、これヤバイんじゃねーか	이봐, 이거 위험한 거 아니야?
もうダメだ!もうダメなんだよ	이제 틀렸어! 끝장이라고!
さっさと片付けて飲みに行こうぜ	빨리 끝내고 술이나 마시러 가자!
はがねの刃に切り刻まれるがいい	강철 칼날에 갈기갈기 찢겨 봐라!
おっと もうダウンか	어라, 벌써 쓰러졌어?
なんだ? あの危ねえ奴	뭐야, 저 위험한 녀석은?
えぇ…かっこいいじゃん? ううう	오, 멋진데?
何を? 何が欲しいのよ	뭐? 뭘 원하는 거야!
顔はやめてくれ! どうか顔だけは	얼굴은 때리지 마! 제발 얼굴만은!
おいなんだよありえねえよ	야, 뭐야! 말도 안 돼!
俺みたいなイケメンが死んだら、もったいないからな	나 같은 미남이 죽으면 아깝잖아.
スパイダーマンだぞ、勝てるわけないだろ	스파이더맨이야! 이길 수 있을 리가 없잖아!
奴だって全員は追えないさ、分散するんだ	놈도 전부 쫓지는 못해! 흩어져!
こんなのありかよ、俺は抜けるぜ	이게 말이 돼? 난 빠질래!
助けて!誰か助けてくれ	도와줘! 누가 좀 도와줘!
どのぐらいスピード出てたか分かってるか	얼마나 빠르게 달렸는지 알고 있나?
頼む!俺には子供がいるんだ	제발! 나한텐 아이가 있어!
まともな女優として扱ってもらいたいの	제대로 된 여배우로 대접받고 싶어.
一日中ゲームってマジ	온종일 게임만 한다는 게 진짜야?
なんでチケットが手に入らないのかしら	왜 표를 구할 수 없는 걸까?
別におどしてはいない、事実なだけだ	협박하는 게 아니라 사실을 말하는 거야.
もう何ヶ月も映画見ていないな	몇 달째 영화를 못 봤네.
だいぶやられたのか?見てやるよ	많이 다쳤어? 내가 봐줄게.
おやじが嫌で、ここに来たんだ	아버지가 싫어서 여기로 왔어.
剥がせ!これを剥がせ	떼어 내! 이것 좀 떼어 내!
うわぁ、顔に何かくっついた	으악, 얼굴에 뭐가 붙었어?
神様、誰でもいいから取ってくれ	하느님, 누구든 좋으니 떼어 줘!
顔に、何が付いてる	얼굴에 뭐가 붙은 거야?
はっっ!来やがれ、パジャマ野郎	덤벼, 잠옷 자식!
これでお前もおしまいだ	이제 너도 끝이다!
ま、まさか観光客は襲わないでしょ	서, 설마 관광객은 안 덮치겠죠?
俺の友達、誰だか知ってんだろうな	내 친구가 누군지는 알고 있겠지?
おい、俺が誰か知ってるだろ	야, 내가 누군지 알잖아?
お前たち、俺はダメかもしれん	얘들아, 난 틀렸는지도 몰라.
聞いてるか、奴を倒せと言ったんだ	듣고 있나? 놈을 쓰러뜨리라고 했다!
くそ、銃が調子悪い	젠장, 총 상태가 안 좋아!
うん、今の痛かったぞ	방금 건 아팠다!
スパイダーマン、乗せてってよ	스파이더맨, 나도 태워 줘!
君の事が気になって仕方なかったんだ	네가 계속 신경 쓰였어.
スゲェ!スパイダーマンに助けてもらうなんて	대단해! 스파이더맨이 날 구해 주다니!
あら!スパイダーマン	어머! 스파이더맨?
静かにしてろ!やつはまだいるぞ	조용히 해! 놈은 아직 여기 있어!
これがニューヨークに住む大ゴミだよ	이게 뉴욕에 사는 묘미지!
任務失敗! 任務失敗だ	임무 실패! 임무 실패다!
とうとう、俺も行かれちまったな	드디어 나도 미쳐 버렸구나.
あんたたちおかしいぞ、わかってるのか	너희 이상해! 알고는 있냐?
乱暴はやめてくれ、お願いだ	해치지 마. 부탁이야!
なんで俺たちここにいるんだ	우린 왜 여기 있는 거야?
おい!お前らそんなもんかよ	야! 너희 고작 그 정도냐?
いろんな意味で楽しめそうだ	여러모로 재밌겠군.
そろそろお開きにしよう	슬슬 마무리하자.
地上での最後の瞬間を味わっておきな	이승에서의 마지막 순간을 즐겨 둬라!
はっは!そう簡単にはやられないぞ	그렇게 쉽게 당하진 않는다!
ボコボコにすんぞ、ゴラ	흠씬 두들겨 패 주마!
高が全身体壮男だろ	고작 쫄쫄이 입은 놈이잖아?
タカが全身体強男だろ	고작 쫄쫄이 입은 놈이잖아?
タカが全身体痛男だろ	고작 쫄쫄이 입은 놈이잖아?
タカが全身体臓男だろ	고작 쫄쫄이 입은 놈이잖아?
タカが全身退層男だろ	고작 쫄쫄이 입은 놈이잖아?
高価全身体操男だろ	고작 쫄쫄이 입은 놈이잖아?
が全身体壮男だろ	고작 쫄쫄이 입은 놈이잖아?
タイカが全身体臓男だろ	고작 쫄쫄이 입은 놈이잖아?
正気はない!撤退だ	승산이 없다! 후퇴하라!
正気はない、撤退だ	승산이 없다! 후퇴하라!
しょうきはない撤退だ	승산이 없다! 후퇴하라!
初期はない、撤退だ	승산이 없다! 후퇴하라!
なんて靴軸だ	이런 굴욕을 당하다니!
なんて靴軸だ!早く終わらせるぞ	이런 굴욕이! 빨리 끝내자!
なんて靴直だ	이런 굴욕을 당하다니!
ああ、こんな靴直ジ	이런 굴욕을 당하다니!
こんな靴軸	이런 굴욕이!
なんて靴軸だ!	이런 굴욕을 당하다니!
なんて靴軸だ!	이런 굴욕을 당하다니!
きやがれパジャマヤロー	덤벼, 잠옷 자식!
やがれ、パジャマやろう	덤벼, 잠옷 자식!
きやがれ、パジャマやろうき	덤벼, 잠옷 자식!
気に上がれ!パジャマやろ	덤벼, 잠옷 자식!
叩き飲めしてやる	두들겨 패 주마!
叩き飲めしてくれるー	두들겨 패 주마!
叩き飲めすぞ	두들겨 패 준다!
くずミュウタントメイ	쓰레기 같은 뮤턴트!
くずミュータントミ	쓰레기 같은 뮤턴트!
くずミュウタントめー	쓰레기 같은 뮤턴트!
コスプレヤルをぶっ殺す	코스프레 자식을 죽여 버려!
年代伝説じゃなかったのか	도시 전설이 아니었어?
年伝説じゃなかったのか	도시 전설이 아니었어?
歳伝説じゃなかったのか	도시 전설이 아니었어?
ジープ武隊、タンゴパパへ	지프 부대, 탱고 파파로 이동.
ジープ武隊、ケベックアルフへ	지프 부대, 퀘벡 알파로 이동.
ジープ武隊、ブラボウヤンキーへ	지프 부대, 브라보 양키로 이동.
ジープ部隊ヤンキーキロへ	지프 부대, 양키 킬로로 이동.
航空部隊、軽路デルタツーに行こうせよ	항공 부대, 델타 2 항로로 이동하라.
航空部隊、軽路シェラワンに行こうせよ	항공 부대, 시에라 1 항로로 이동하라.
目標!タブラインを通過中	목표, 타우선을 통과 중.
目標、情報に移動	목표, 위쪽으로 이동.
目標、資格情報を確認	목표, 시각 정보 확인.
シレブ! 視界が斎切られた	사령부! 시야가 가려졌다!
シレブ! 目標の情報を送信せよ	사령부! 목표 정보를 송신하라!
このインチキやろうか	이 사기꾼 자식!
このインジケやろうが	이 사기꾼 자식!
このインツキやろうが	이 사기꾼 자식!
体をへしよってやり	몸을 꺾어 버려!
体をへし寄ってやれー	몸을 꺾어 버려!
背骨をへし寄ってやれ	척추를 꺾어 버려!
倍にして返してやる!う	두 배로 갚아 주마!
バイにして返してやる	두 배로 갚아 주마!
これで一貫の終わりだ	이걸로 끝장이다!
これで一貫の終わだ	이걸로 끝장이다!
頭をかちわってやる	머리통을 쪼개 주마!
道路で遊ぶなってママに襲われなかったのか	엄마가 도로에서 놀지 말라고 안 가르쳤냐?
ウィソン・ィスクは誤解されてるんだ	윌슨 피스크는 오해를 받고 있어.
目標ダン	목표 제압!
目をダウン	목표 제압!
俺はただのガイアだから	난 그냥 구경꾼이야!
手を稼い	힘 좀 보태!
ボコボコにすんぞ、ゴラ	흠씬 두들겨 패 주마!
コスプレしなくったってできるものはできるんだよ	코스프레 안 해도 할 수 있는 건 할 수 있어!
コスプレしなくたってできるものはできるんだ	코스프레 안 해도 할 수 있는 건 할 수 있어!
いつもの張ったりはどこ行ったんだろうなあおい	평소의 허세는 어디 갔냐?
あいつを黙らせたんだろ大したもんだ	저놈을 입 다물게 했다며? 대단한데!
マップタツにしてやれ	두 동강 내 버려!
あんた、思ってたよりずっといい奴だな	당신 생각보다 훨씬 좋은 사람이네.
そんなに自分が強いと思ってたのか	네가 그렇게 강한 줄 알았냐?
あああんたは真の男だね	아, 당신 진짜 사나이구나!
スパイダーマン彼女はいる	스파이더맨, 여자 친구 있어?
お前のせいで何もかもめちゃくちゃだ	너 때문에 전부 엉망이야!
いい加減にしろ!やめろと言ったんだ	적당히 해! 그만하라고 했잖아!
パジャマ野郎の相手なんてへのかっぱさ	잠옷 자식쯤이야 식은 죽 먹기지!
さすがだな、スパイダーマン	역시 스파이더맨이야!
ジープ部隊 ウィスキーロメオへ	지프 부대, 위스키 로미오로 이동.
ジープ部隊 ノベンバーエコーへ	지프 부대, 노벰버 에코로 이동.
ヘリオ呼べ1996だ	헬기를 불러! 1996이다!
ヘリオ呼べ1973だ	헬기를 불러! 1973이다!
ヘリオ呼べ1946だ	헬기를 불러! 1946이다!
航空部隊経路オカー8に行こうせよ	항공 부대, 오스카 8 항로로 이동하라.
航空部隊経路デルタ8に行こうせよ	항공 부대, 델타 8 항로로 이동하라.
航空部隊経路マイクシックスに行こうせよ	항공 부대, 마이크 6 항로로 이동하라.
国部隊、経路シェラシックスに行こせよ	항공 부대, 시에라 6 항로로 이동하라.
国部隊、経路インディアフォーに行こせよ	항공 부대, 인디아 4 항로로 이동하라.
国部隊、経路パパファイブに行こせよ	항공 부대, 파파 5 항로로 이동하라.
国部隊、経路マイクフォーに行こせよ	항공 부대, 마이크 4 항로로 이동하라.
国空部隊、経路ロメオ法に行こせよ	항공 부대, 로미오 4 항로로 이동하라.
国空部隊、経路ブラボ3に行こせよ	항공 부대, 브라보 3 항로로 이동하라.
国空部隊、経路ビクタ2に行こせよ	항공 부대, 빅터 2 항로로 이동하라.
航空部隊 軽露ケベック1に行こうせよ	항공 부대, 퀘벡 1 항로로 이동하라.
目標 デルタラインを追加中	목표, 델타선을 통과 중.
目標 アルファラインを追加中	목표, 알파선을 통과 중.
まずい…きやがったぞ	젠장, 놈이 왔다!
なんて…なんてこと…	이런... 이럴 수가...
ほんとに…ありがとう…	정말... 고마워...
寄らないで、バケモノ	다가오지 마, 괴물!
今日がお前の、メイニチだ	오늘이 네 제삿날이다!
年具のおさめ時だ!クモやろう	이제 끝장이다, 거미 자식!
こんな日に限って銃を家に置いてくるとはな	이런 날 하필 총을 집에 두고 오다니!
はいはいはい!いいからどいてね	그래, 그래! 됐으니까 비켜 줘!
うわぁ!あんなもの全部食べちまうなんて	으악! 저걸 전부 먹어 치우다니!
別に脅してはいない事実なだけだ	협박하는 게 아니라 사실을 말하는 거야.
コマンドセンター バイナリーコード読み込み完了	사령부, 이진 코드 읽기 완료.
音楽の好みって変わらないもんだな	음악 취향은 변하지 않는구나.
コスチューム着たやつなんて初めて見たぞ	코스튬 입은 사람은 처음 봐!
スパイダーマン?そんなバカな	스파이더맨? 말도 안 돼!
何よ!何が欲しいのよ	뭐야! 뭘 원하는 거야!
あのコスチューム実際に見ると真抜けね	저 의상은 실제로 보니 우스꽝스럽네.
なんて靴直だ!早く終わらせるぞ	이런 굴욕이! 빨리 끝내자!
なんでだ!なんであれが平気なんだ	어째서! 저걸 맞고도 멀쩡한 거야!
一体どうやるのかさえさっぱりわからんよ	대체 어떻게 하는 건지 모르겠어.
どこに行くにも仕事を持って行くのさ	어딜 가든 일을 가져가지.
来た時にはもうこの愛様だったんだ	내가 왔을 때는 이미 이 꼴이었어!
顔を踏み付けられる気分はどうだ	얼굴을 짓밟히는 기분이 어때?
ふん! 楽しませてもらおうか	흥! 좀 즐겨 볼까?
本当に飛べるかどうか試すか	정말 날 수 있는지 시험해 볼까?
あのパジャマ来た馬鹿は何者だ	저 잠옷 입은 멍청이는 누구야?
ああ、あとちょっとだけ届かなかった	아, 조금만 더 갔으면 닿았는데.
お前と同じ空間にいることが恥ずかしいよ	너랑 같은 곳에 있다는 게 창피해.
いいぞみんな、とどめをさしてやれ	좋아, 모두 끝장을 내 줘!
次の一発で粉々にしてやる	다음 한 방으로 산산조각 내 주마!
はっ、大したことはないな	하, 별거 아니군!
貴様は、どこが故障してるんだ	너 어디 고장 났냐?
一人やられた 応援頼む	한 명 당했다. 지원 바란다!
引っ越すよこの街は変なやつばかりだ	이사 갈 거야. 이 도시는 이상한 놈 천지야.
ホットドッグ食べるのもやめなきゃななぁ	핫도그 먹는 것도 끊어야겠어.
彼女さ凄いドレスで現れたのよ	그 애, 굉장한 드레스를 입고 나타났어.
だからサルは嫌なんだ	그래서 원숭이는 싫다니까.
嘘よ彼には本当私が必要なの	아니야. 그 사람한텐 정말 내가 필요해.
彼女その凄いドレスで現れたのよ	그 애, 굉장한 드레스를 입고 나타났어.
奴の頭にぶち込んだら俺の車をやる	놈의 머리에 박아 넣으면 내 차를 주마!
その腹、かっさばいてくれる	그 배를 갈라 주마!
一族の栄光のため、お前には死んでもらう	일족의 영광을 위해 죽어 줘야겠다!
あの人を道端で用を足そうとしてるの	저 사람, 길가에서 볼일 보려는 거야?
嘘をつかなきゃよかったと思ってるんじゃないのか	거짓말하지 말걸 하고 후회하는 거 아냐?
あんた変なやつだけど、俺は大ファンだからな	당신 좀 이상하지만 난 열성 팬이야!
貴様!ぶっ殺してやる	이놈! 죽여 버리겠다!
やつをぶっ殺せ!さぁ	놈을 죽여 버려! 어서!
痛ぁ!なんだよお前	아야! 너 뭐야!
スパイダーマン?もしかしたら同じ方向	스파이더맨? 혹시 같은 방향이야?
うわぁ!スパイダーマンだ!すげぇ	와! 스파이더맨이야! 대단해!
職場の人に言わなくちゃ	직장 사람들한테 말해야겠어!
ああ、スパイダーマンだ	아, 스파이더맨이다!
誰がなんと言おうとあんた最高だよ	남들이 뭐라든 당신 최고야!
ゴミみたいな糸、巻き散らすのやめてよね	그 쓰레기 같은 거미줄 좀 뿌리지 마!
はがせ! これをはがせ	떼어 내! 이것 좀 떼어 내!
いつかお前が歯向かうと皆が言っていた	언젠가 네가 대들 거라고 다들 말했지.
くっそ、早すぎる	젠장, 너무 빨라!
これ、意外にスカットするな	이거 의외로 속이 시원한데.
いやでも俺のこと覚えただろ	싫어도 날 기억하게 됐겠지!
ジープ部隊、エコービクターへ	지프 부대, 에코 빅터로 이동.
インドを渡してやる	저승으로 보내 주마!
お前たち、手を稼い	너희, 힘 좀 보태!
スパイドーマン乗せてってくれない	스파이더맨, 나도 태워 줄래?
一体世の中どうしまったんだ	대체 세상이 어떻게 된 거야?
ああ、こんな屈辱	이런 굴욕을 당하다니!
うん!ありがとう!ありがとう	고마워! 정말 고마워!
この街、どうしまったんだ	이 도시가 어떻게 된 거야?
これは、兄さんの車なんだ	이건 우리 형 차야!
警察だ!手を開けろ	경찰이다! 손 들어!
まだ時々が収まらないよ	가슴이 아직도 두근거려.
この町にはもう運営りだ	이 도시는 이제 지긋지긋해.
ちゃっ、シャツが破れちまった	쳇, 셔츠가 찢어졌잖아!
何だ?あの危ねいやつ	뭐야, 저 위험한 녀석은?
国武隊、経路 ホテル3に移行せよ	항공 부대, 호텔 3 항로로 이동하라.
人がどう言おうと気にしないよ助	남들이 뭐라든 신경 안 써.
どうしたんだよ!しっかりしろよ	왜 그래! 정신 차려!
全く姿を見せなかったなんて信じられるか	얼굴도 안 비쳤다니 믿겨?
いや、あれはすごい乱闘だったよ	아니, 정말 엄청난 난투였어.
あいつ嘘ついてるんだよほんとは俺が必要なんだ	그 녀석은 거짓말하는 거야. 사실은 내가 필요해.
この時計が気に入ったのか?あっ じゃああげるよ	이 시계가 맘에 들어? 그럼 줄게!
ジュウだ!構えて、撃て	총이다! 조준하고 쏴!
へへへ、この馬鹿を見ろよ	흐흐, 이 멍청이 좀 봐!
来た時には、もう、このアリ様だったんだ	내가 왔을 때는 이미 이 꼴이었어!
さっさといって奴を袋にしろ	빨리 가서 놈을 뭇매질해!
止まらなかったら顎を砕いてやる	안 멈추면 턱을 부숴 주마!
なあ、やっぱり自力で逃げるんだった	역시 혼자 도망칠걸 그랬어!
面倒起こしやがって何が楽しいんだ	말썽을 부려서 뭐가 그리 즐겁냐!
さあ覚悟してもらおうか!はぁくいしばりな	자, 각오해라! 이를 악물어!
まじかよ!本当に存在したのか	진짜야? 정말 있었구나!
これで食ってるんだ、お前の職場なんか知ったことか	나도 먹고살아야지. 네 직장이야 알 게 뭐야!
なぁ、スパイダーマ、ホームページ持ってないの	스파이더맨, 홈페이지 없어?
聞こえなかったのか?手を上げろ	못 들었나? 손 들어!
馬鹿やりたいんなら要素でやってくれ	멍청한 짓을 하려면 딴 데서 해!
航空部隊、経路ビクター9に移行せよ	항공 부대, 빅터 9 항로로 이동하라.
いつもの減らず口はどこ行った	평소의 그 주둥이는 어디 갔냐?
おい、遅いよ。もう一周するか	야, 느려! 한 바퀴 더 돌까?
お前がトニースタークだっていう夢を見たよ	네가 토니 스타크라는 꿈을 꿨어.
読んだこともない本を何で進められるのよ	읽지도 않은 책을 어떻게 추천해?
全く姿を見せなかったなんて信じられる	얼굴도 안 비쳤다니 믿겨?
新聞でも燃やしてみるか	신문이라도 태워 볼까?
司令部から情報通信を受信中	사령부에서 정보를 수신 중.
それには正式な経費報告書が必要だ	그건 정식 경비 보고서가 필요해.
知らねぇよ、どっちにしよクソだ	몰라. 어느 쪽이든 엉망이야.
えぇ、なんだ、なんだこれや	뭐야? 이게 대체 뭐야!
やった方が痛がってるってどういうことだ	때린 쪽이 아프다니 이게 무슨 일이야!
航空部隊、経路X-ray7に移行せよ	항공 부대, 엑스레이 7 항로로 이동하라.
航空部隊、経路パパ5に移行せよ	항공 부대, 파파 5 항로로 이동하라.
国武隊、経路 ズール1に移行せよ	항공 부대, 줄루 1 항로로 이동하라.
マスクをかぶるなど腰抜けの証拠だ	가면을 썼다는 건 겁쟁이란 증거다!
よっしゃ!この時を待ってたんだ	좋아! 이 순간을 기다렸어!
ぐー!負けると腹が立つ	으, 지면 화가 난다니까!
あい、ちょ、タイム、タイム	야, 잠깐! 타임! 타임!
勝負あった!お前ら、撤収だ	승부는 끝났다! 다들 철수해!
おぉ、顔面パンチってな、こうやるんだ	얼굴에 주먹을 날릴 땐 이렇게 하는 거야!
俺が本気になる前に幸福したらどうだ	내가 진심으로 나서기 전에 항복하는 게 어때?
よっしゃ、この時を待ってたんだ	좋아! 이 순간을 기다렸어!
こいつが見えるか?えぇ	이게 보이냐? 어?
失敗は我々の攻撃には プログラムされていない	우리 공격에는 실패가 프로그래밍되어 있지 않다.
忘れられない一日にしてやるぜ マスクやろう	잊지 못할 하루로 만들어 주마, 가면 자식!
スピードボールは好き いい人っぽいから	스피드볼은 좋아. 좋은 사람 같거든.
あの金取らなきゃよかったって思ってんだろ	그 돈을 받지 말걸 하고 후회하지?
わかったわかった!このやり方じゃダメだ	알았어, 알았어! 이 방법으론 안 돼!
俺の言うことを聞け!伏せろ	내 말 들어! 엎드려!
毎晩あなたの夢を見るの	매일 밤 당신 꿈을 꿔.
この銃、お前の障害賃金より高いだぞ	이 총은 네 평생 수입보다 비싸!
そんな服が切れるなんて 根性あんな	그런 옷을 입다니 배짱 좋네!
あんた、思ってたよりずっといいやつだな	당신 생각보다 훨씬 좋은 사람이네.
あいつの首を取ったやつには10ポイント加算だ	저놈 목을 딴 녀석에겐 10점 추가다!
これで食ってんだ!お前の職場なんか知ったことか	나도 먹고살아야지. 네 직장이야 알 게 뭐야!
あんな格好で外に出るなんてありえねーだろ	저런 꼴로 밖에 나오다니 말도 안 돼!
まったく!面倒なことをしてくれた	정말! 골치 아프게 만들었군!
ヘリオ呼べ!1991だ	헬기를 불러! 1991이다!
ヘリオ呼べ!1964だ	헬기를 불러! 1964이다!
ヘリオ呼べ、1937だ	헬기를 불러! 1937이다!
航空部隊、経路ウィスキーナインに移行せよ	항공 부대, 위스키 9 항로로 이동하라.
航空部隊、経路ジュリエットエイトに移行せよ	항공 부대, 줄리엣 8 항로로 이동하라.
航空部隊、経路アルファエイトに移行せよ	항공 부대, 알파 8 항로로 이동하라.
航空部隊、経路ジュリエットセブンに移行せよ	항공 부대, 줄리엣 7 항로로 이동하라.
国武隊 経路ユニフォーム5に行こせよ	항공 부대, 유니폼 5 항로로 이동하라.
国武隊 経路リマ5に行こせよ	항공 부대, 리마 5 항로로 이동하라.
国武隊 経路ゴルフ3に行こせよ	항공 부대, 골프 3 항로로 이동하라.
パーカーを捕獲しろ 殺すなよ	파커를 생포하라. 죽이지 마라!
こんな日に限ってバールを家に置いてくるとはね	이런 날 하필 쇠지렛대를 집에 두고 오다니!
うう 全部食べなきゃよかった	으, 전부 먹지 말걸 그랬어.
これいくらしたと思う いいから当ててみろよ	이거 얼마였을 것 같아? 그냥 맞혀 봐!
俺に勝てる者なら式を取らせてやろう	나를 이기는 자에게 지휘를 맡기겠다!
軍用品ショップで手に入るものと来たらちょっとすごいぜ	군용품점에서 파는 물건은 정말 대단해!
誰にも文句は言わせねえ!俺たちが一番だ	누구도 불평 못 해! 우리가 최고다!
相手は一人だ。しかも、こっちに武器がある	상대는 한 명이다. 게다가 우린 무기도 있어!
この道を通りたきゃ通行量を横しな	이 길을 지나가려면 통행료를 내놔!
今日は生涯忘れ得ぬ日になるだろう	오늘은 평생 잊지 못할 날이 될 것이다!
ヘラヘラ笑ってねえで、あの虫けらを潰せ	실실 웃지 말고 저 벌레를 짓뭉개!
あなたは命の恩人よ!ありがとう	당신은 내 생명의 은인이야! 고마워!
スパイダーマン? じゃなくてトラップスター	스파이더맨? 아니, 트랩스터인가?
見てくれ! 武器はおろすから!ああ	이봐! 무기는 내려놓을게!
俺の兄貴はスコーピオンなんだぞ!今に見てろ	우리 형이 스콜피온이야! 두고 보자!
あなたたちおかしいわ!分かってる	너희 이상해! 알고는 있어?
おい!俺の銃がベトベトじゃねぇか	야! 내 총이 끈적끈적해졌잖아!
いいか?よーい、スタート	준비됐어? 준비, 출발!
フフフ、また来ると思ってたよ	흐흐, 또 올 줄 알았어.
ノーばかりの世の中でイエスマンとして生きるんだ	안 된다는 말뿐인 세상에서 예스맨으로 사는 거야.
あのスペイン料理屋で警察バッジ見せるとな	그 스페인 식당에서 경찰 배지를 보여 주면 말이야...
誰にも文句は言わせねぇ俺たちが一番だ	누구도 불평 못 해. 우리가 최고야!
俺の休みは丸ごとぽしゃったよ	휴일을 통째로 날려 버렸어.
兄貴に嘘をついたんでけじめつけたのさ	형한테 거짓말을 해서 책임을 진 거야.
俺は抜けるぜ!刑務所行きになるにはイケメンすぎる!	난 빠질래! 감옥에 가기엔 너무 잘생겼다고!
よー!この状態はヤバいぞ	야! 이 상황은 위험해!
数では勝ってるのに、どうしてこうなるんだ?	수가 더 많은데 왜 이렇게 되는 거야?
数では混ざってるのに、どうしてこうなるんだ?	수가 더 많은데 왜 이렇게 되는 거야?
眠らぬなら 俺が眠らせてやろう	잠이 안 오면 내가 재워 주마.
良い獲物だろ 金はこう使うものだ	좋은 물건이지? 돈은 이렇게 쓰는 거야.
抵抗は要せ!自分の首を閉めるだけだぞ!	저항하지 마! 네 목만 조르는 꼴이야!
金が必要なんだ!深刻な財政なんだ!	돈이 필요해! 사정이 정말 심각하다고!
正直言って、今日は人生最良の日だ	솔직히 오늘은 내 인생 최고의 날이야.
目標補足!やれ!やれ!やれ!	목표 포착! 쏴! 쏴! 쏴!
こいつが見えるか?あ?	이게 보이냐? 어?
服面は腰抜けの証拠ってな おい	복면은 겁쟁이의 증거라지. 야!
お前は終わりだ いいか 終わりだ	넌 끝장이야. 알아들어? 끝장이라고!
念具のおさめ時だ クモ野郎	네 운도 다했다, 거미 자식!
うひゃまだドキドキがおさばらないよぉ	휴, 아직도 가슴이 두근거려.
おぉ…俺を怒らせたなぁ!	넌... 날 화나게 했어!
いてぇ!なんだよお前!	아야! 뭐야, 너!
やられた!やられた!やられた!	당했다! 당했다고! 당했어!
なんかこの街も仏装になってきたよな	이 도시도 점점 흉흉해지는 것 같아.
なあ、後でクラブ寄って何パしようぜ	야, 이따 클럽 가서 여자한테 말 걸어 보자.
そんなんじゃ全然足りねえ、ツーノ!	그 정도로는 턱도 없다고!
とにかく、奴を攻撃し続けろ!は	아무튼 놈을 계속 공격해!
はははははやったな、見てろよ	하하하! 잘도 그랬겠다. 두고 봐!
何の話だかさっぱりわからないね	무슨 소린지 전혀 모르겠는데.
俺から離れての!	나한테서 떨어져!
こ、殺してやる!頑	주, 죽여 버리겠어!
ふっ、もう帰るー	흥, 나 이제 갈래.
これだよ、さっき言ってたのは タクコスプレなんてよくやるよ	이거야, 아까 말한 게. 참, 저런 분장을 하고 다니다니.
疲れすぎてんならゴールした後で迎えに行くからな	너무 지쳤으면 결승점에 도착한 뒤 데리러 갈게.
さぁ、覚悟してもらおうか!ハークイシバリな!	자, 각오해라! 이 악물어!
負け物どんな気分だ?	괴물, 기분이 어때?
奴だって全員は追えないさ!	놈도 전부 다 쫓아오진 못할 거야!
なんてこと言うんだあ	무슨 그런 말을 해!
奴の頭に弾をぶち込んだ奴に ビールをごるぞ	놈의 머리에 총알을 박는 녀석한테 맥주를 사지!
奴の頭に弾ぶち込んで奴にビールをがるぞ	놈의 머리에 총알을 박는 녀석한테 맥주를 사지!
お前さんでも誰でもいいから!	당신이든 누구든 좋으니까!
こいつにかかればお前もおしまいだ!	이걸 맞으면 너도 끝장이야!
ああ、もしかして同じ方向?	아, 혹시 같은 방향으로 가세요?
コマンドセンター オート	지휘 본부, 응답하라.
こんなとこも真っぴらだ	이런 곳은 이제 지긋지긋해!
まったくどうなってるのよ	대체 어떻게 된 거야?
何してるんだ来	뭐 하는 거야!
六つの時から この剣を手に技を磨いてきた	여섯 살 때부터 이 검으로 실력을 갈고닦았다.
うっほう、ふっふ、悪いねえ	오호, 후후, 미안하네.
しゃれは制御不能!	차량 제어 불능!
ああ、ねみ	아, 졸려.
シレブ、まずいぞ!	사령부, 상황이 안 좋다!
国武隊、経路ヤンキー9に行こうせよ	항공 부대, 경로 양키 9로 이동하라.
なにが怒ってるんだ?	무슨 일이 벌어지는 거야?
ネスパイダーマン、乗せてってくんない!	스파이더맨, 나도 태워 주면 안 돼?
どうすんだいどうすんだよ	어떡하지? 어떡하냐고!
そんな服が着れるなんて根性あんなぁ	그런 옷을 입고 다니다니 배짱도 좋네.
目標、ラムダラインを通過中	목표, 람다 선 통과 중.
この4年で2回目だ	4년 사이에 벌써 두 번째야.
じゃあさお半分ずつでどう?	그럼 반씩 나누는 건 어때?
俺たちはこんなもんじゃないだろ	우리 실력이 고작 이 정도는 아니잖아!
なんだこいつ、無鞘くすぎて素顔じゃ外歩けないって!	뭐야, 너무 못생겨서 맨얼굴로 못 다니는 거야?
丸焼きにしてやれ!	통구이로 만들어 버려!
これから救急窓口で順番待ちよう	이젠 응급실에서 순서를 기다려야겠네.
彼女さあそのスンゲードレスで現れてさ	그 여자가 끝내주는 드레스를 입고 나타났거든.
しっかり	정신 차려!
いいはじさらしだ	꼴 좋다, 망신도 이런 망신이 없군.
へ、ジョーダンだよな	어, 농담이지?
なんでこんなことしなきいけないんだ	왜 이런 일을 해야 하는 거야?
二度と立ち上がれないようにしてやるよ、下手でやろう	다시는 못 일어나게 해 주마, 겁쟁이 자식!
我々の武器はお前が生まれる前の時代のたくみが作ったものだ	우리 무기는 네가 태어나기도 전의 장인이 만든 것이다.
お前のせいで何もかも満たくちゃだ!	너 때문에 모든 게 엉망이야!
集兵を呼んでくれ!	구급대원을 불러 줘!
相手が誰かわかってるんだろうな	네 상대가 누군지는 알고 있겠지?
最初から勝負を見えている	승부는 처음부터 뻔했어.
この絵物が見えるよな! おい!	이 무기가 보이지? 어이!
な、な、な、なに仕上がる!?	뭐, 뭐, 뭐 하는 짓이야!
その体を切り裂いてやるこ	그 몸을 갈기갈기 찢어 주마!
今のお前の顔、鏡で見せてやろうか	지금 네 얼굴을 거울로 보여 줄까?
なんだよ!ありえねえよ!	뭐야! 말도 안 돼!
覚悟してもらおうか!ハークイシバリナ!	각오해라! 이 악물어!
めてくれ!やだー!	그만해! 싫어!
そんな格好でよく恥ずかしくないな	그런 꼴을 하고도 부끄럽지 않냐?
ブロックスは女の趣味がいいんだけど映画のセンスがなあ	브룩스는 여자를 보는 눈은 있는데 영화 취향은 영...
息子が大ファンなの!	우리 아들이 열성 팬이에요!
蒼気はない! 撤退だ!	승산이 없다! 후퇴하라!
勝負あった!撤収!だ、	승부는 끝났다! 철수!
これやめて飲みに行くか コイン投げて決めね	이거 그만두고 술이나 마시러 갈까? 동전 던져서 정할래?
これじゃやられまくりじゃないか	이러다 계속 당하기만 하겠어!
目の前に何だか邪魔な奴がいるわけだが	눈앞에 영 거슬리는 놈이 하나 있군.
俺が思うにだ、お前はもう長くは持たん	내 생각엔 넌 이제 오래 못 버틸 것 같군.
スパイダンは?本当に?	스파이더맨? 정말로?
映画が気に入るかどうかなんて 見る前に分かる	영화가 마음에 들지는 보기 전부터 알 수 있어.
システムを放棄!	시스템을 포기하라!
あなたの塗装っくりなコシチューム持ってるわよ	나도 당신 것과 똑같은 복장이 있어요.
下鉄にすればよかった	지하철을 탈걸 그랬어.
これやめと飲みに行くか コインに投げて来るよね	이거 그만두고 술이나 마시러 갈까? 동전 던져서 정할래?
人手が足りない?じゃあ補充すればいい	인원이 부족해? 그럼 충원하면 되지.
俺がキャテンアメリカの血を蹴飛ばしてやった話したっけ?	내가 캡틴 아메리카의 엉덩이를 걷어찬 얘기 했던가?
死ね!コスプレやろ!	죽어라, 분장한 놈아!
起き手により行き、起き手により死ぬ、それが起きてだ	규율에 따라 살고 규율에 따라 죽는다. 그것이 규율이다.
命あっての物誰だ!	살아야 뭐든 할 수 있어!
いやだから初中見るもんじゃないだろ	아니, 그렇게 자주 보는 건 아니잖아.
参加しろ!ハサミうちにできるかもしれん	분산해라! 협공할 수 있을지도 모른다!
いい獲物だろ!彼はこうつくものだ!	좋은 물건이지? 돈은 이렇게 쓰는 거야!
初戦 格好 だけ の 男 だ な	결국 겉멋만 든 놈이군.
3回しろ!ハサミウチにできるかもしれん!	분산해라! 협공할 수 있을지도 모른다!
顔はやめてくれ、どうか顔だけはわ	얼굴은 때리지 마. 제발 얼굴만은!
だからコストは一旦置いといて 投資として考えてみろって	그러니까 비용은 일단 제쳐 두고 투자라고 생각해 봐.
ああスパイダーマンがアイアンマンを折ってる	아, 스파이더맨이 아이언맨을 쫓아가고 있어!
お前こっちだ、俺は向こうへ行く	넌 이쪽으로 가. 난 저쪽으로 갈게.
いのちあっての!モノダネだー!	살아야 뭐든 할 수 있어!
起き手により息、起き手により死ぬ、それが起きてだ	규율에 따라 살고 규율에 따라 죽는다. 그것이 규율이다.
読んだこともない方をなんで進められるのよ	읽어 보지도 않은 책을 어떻게 추천해?
どうだい、ヒーローさん言う	어때, 영웅 나리?
キャプテンアメリカ!早く来てくれ!	캡틴 아메리카! 빨리 와 줘!
この道を通りたきゃ、通行料を横しな	이 길을 지나가려면 통행료를 내라.
切れ伏さぬなら倒すまでよ!	굴복하지 않겠다면 쓰러뜨릴 뿐이다!
あんたに対する気持ちは、言い表しようがないよ	당신에 대한 내 마음을 말로 다 표현할 수가 없어요.
奴を増金があるにして床を掃除してやったから誰にも言えないのさ	놈을 걸레 삼아 바닥을 닦아 줬거든. 아무한테도 말 못 할걸.
じゃあ次はちゃんと標識を読むんだな	그럼 다음엔 표지판을 제대로 읽어.
道路で遊ぶなってママに襲わらなかったのかい	차도에서 놀지 말라고 엄마가 안 가르쳐 줬어?
やばい、なんだか模様してきた	큰일이다. 갑자기 화장실에 가고 싶어.
さあ 覚悟してもらおうか ハークイシバリな	자, 각오해라. 이 악물어!
部下にはどんなことにも即座に対応できることを期待している	부하들은 어떤 상황에도 즉각 대응할 수 있어야 한다.
死人顔を見るのが楽しみだ!	네 죽은 얼굴을 보는 게 기대되는군!
死に顔見るのが楽しみだ	네 죽은 얼굴을 보는 게 기대되는군.
ま、番号を教えてもらったらさ、それ、かけるしかないだろ?	뭐, 전화번호를 받았으면 걸어 봐야지, 안 그래?
いってーじゃねーかよー	아프잖아!
まさかこんな事態になるとは、思いも寄らなかった!	설마 이런 상황이 될 줄은 꿈에도 몰랐어!
そのガキにヘタラって言われたんだ顔にケリーでてやった	그 꼬마가 날 겁쟁이라고 하길래 얼굴을 걷어차 줬지.
寝ないなら俺が寝かせてやろ!	안 자겠다면 내가 재워 주마!
お願い!痛いのは寄せてくれ!	부탁이야! 아프게 하지는 마!
ャキッとしろよ!絶対やれるって!	정신 차려! 넌 할 수 있다니까!
なんだぁ!	뭐야!
目標!オメガラインを通過中!	목표! 오메가 선 통과 중!
自分の飛行機が帰るのならそうするよ	내 전용기를 살 수 있다면 그러겠지.
自分の飛行機が変わるならそうするよ	내 전용기를 살 수 있다면 그러겠지.
わかったわかった! 高尚さんだ!	알았어, 알았어! 항복이야!
まあ番号を教えてもらったらさ、それはかけるしかないだろ	뭐, 전화번호를 받았으면 걸어 봐야지, 안 그래?
そんなに怒るなよ	그렇게 화내지 마.
あのー、もしかして高校衣装だった?	저기, 혹시 같은 고등학교 나왔어요?
はいはいはい、いいからどう言ってね	그래, 그래, 알았으니까 비켜 줘.
奴の頭にぶち込んだ奴に 俺の車をやるよ	놈의 머리에 총알을 박는 녀석에게 내 차를 주지!
医者はいないの?	의사 없어요?
寒い…	추워...
そんなパジャマ来て、ノコノコ出てきたのが運の月だ!	그런 잠옷을 입고 어슬렁대러 나온 게 네 불운이지!
ヌヘッ、パジャマかよ	쳇, 잠옷이냐?
いい加減にしないとムーナイトバリに壊しめるよ	적당히 안 하면 문 나이트처럼 혼쭐을 내 줄 거야.
あんた、あのデアデビルとか言いやつよりすごいな	넌 그 데어데블인가 하는 녀석보다 대단하네.
言ってやったよ、貴様のような奴が人に尊敬されるわけないってな	말해 줬지. 너 같은 놈은 누구에게도 존경받을 수 없다고.
だから言ったんだ 車を当てたけど何かってな	그래서 말했지. 차를 좀 들이받았는데 뭐 어쩌라고.
ニューヨークバンザーイ!	뉴욕 만세!
おーい! お前たち!	어이! 너희들!
負けると腹が立つ!	지면 화가 나!
アロミンじゃないし! お菓子もあげないよ! さあどいて!	핼러윈도 아니잖아! 사탕도 안 줄 거야! 자, 비켜!
ノーマットとか言う奴が後ろから現れたんだああ、ノーマットだ	노매드라는 놈이 뒤에서 나타났어. 그래, 노매드야.
痛い…	아파...
行ってやったよ 貴様のようなやつが人に尊敬されるわけないってな	말해 줬지. 너 같은 놈은 누구에게도 존경받을 수 없다고.
スパイダーマ、あんた男だ	스파이더맨, 넌 진짜 사나이야!
そんなパジャマ来てノコノコ出てきたのが運の月だ	그런 잠옷을 입고 어슬렁대러 나온 게 네 불운이지.
糸はしっかり溜めてあるんだろうなあ	거미줄은 충분히 모아 뒀겠지?
なんか この街も仏装になってきたよなど	이 도시도 점점 흉흉해지는 것 같아.
昨日の晩、クレヴン・ザ・ハンターを見たか?	어젯밤에 크레이븐 더 헌터 봤어?
そんなんじゃ全然足りね、ツナ!	그 정도로는 턱도 없다고!
お願い!	제발!
張ってね、スパイダーマ!	힘내요, 스파이더맨!
ああ行こうぜ早くしないと	그래, 가자. 서둘러야 해.
これは祖父から父へ、父から私へと受け継がものだ	이것은 할아버지에서 아버지로, 아버지에서 내게 전해진 것이다.
これはソフから父へ 父から私へと受け継がものだ	이것은 할아버지에서 아버지로, 아버지에서 내게 전해진 것이다.
いや、バッキーじゃねぇ もう半世紀も前に死んでるだろ	아니, 버키는 아냐. 반세기도 전에 죽었잖아.
不公平だろ?お前にはいろいろパワーとかあるし!	불공평하잖아! 넌 초능력 같은 것도 있고!
この道を通りたけ通行料よこしな	이 길을 지나가려면 통행료를 내라.
なあ、いやその、何か盗まれたりしないように見てただけです	아니, 그게, 누가 훔쳐 가지 못하게 지켜보고 있었을 뿐이에요.
ま、なんか妙だぞ	잠깐, 뭔가 이상한데.
ジープ部隊シェラヤンキーへ	지프 부대, 시에라 양키로 이동하라.
今のはビビっとぜ!	방금 건 놀랐어!
正義の手っついを下してくれる	정의의 철퇴를 내려 주마!
おい!無駄話はやめろ!ギャルじゃあるまいし!	야! 잡담 그만해! 수다쟁이 여자애도 아니고!
刑務省なら大歓迎してくれるぜ	감옥에선 널 두 팔 벌려 환영할걸.
そんなカッコでよく恥ずかしくないな	그런 꼴을 하고도 부끄럽지 않냐?
鎧ぬいだアイアンマンな あれただの人間だ	갑옷을 벗은 아이언맨은 그냥 사람이야.
叩き飲めされる前にヒレクスがいい!	두들겨 맞기 전에 엎드려라!
コーヒーこぼしちゃった	커피를 쏟아 버렸네.
はっ、苦しいのだろう?	하, 괴롭겠지?
見えてはいるが信じられん	보고도 믿을 수가 없군.
いつものハッタレはどこ行ったんだろうな、おい!	평소의 허풍은 어디로 갔냐, 어이!
最低、誰だよ、今、凹いたの	최악이야. 누구야, 방금 방귀 뀐 사람?
ああ、スパイダーマンちょっと込み上げてきた	아, 스파이더맨. 속에서 뭔가 올라오는데.
この道を通りたきゃ、とっとと通行料を横しな	이 길을 지나가려면 어서 통행료를 내라.
あんなものを来た男は初めて見た	저런 걸 입은 남자는 처음 봤어.
え? なんで!?	어? 왜!?
変だと思うやつ他にいるか	이상하다고 생각하는 사람 또 없어?
ぶち殺せー!	죽여 버려!
側面攻撃用意、567	측면 공격 준비, 567.
えっと、鍵なくしました	저기, 열쇠를 잃어버렸어요.
おい、マジかよ! これヤバくね?	야, 진짜야? 이거 위험한 거 아냐?
助けて誰が助けてくれ	살려 줘! 누가 좀 도와줘!
ジープ部隊!そっち行ったぞ!	지프 부대! 그쪽으로 갔다!
あいつの首が取った奴には10ポイント加算だ	놈의 목을 따는 녀석에게 10점 추가다.
いやー、この状態はヤバいぞー!	야, 이 상황은 위험해!
つまるところはお前と俺どっちが多くの敵を殺したかってことだ	결국 너와 나 중 누가 적을 더 많이 죽였느냐는 거지.
ふっふっふどうしてこうなるんだ	흐흐흐, 어쩌다 이렇게 된 거야?
これ、かったばっかなんだぞ!	이거 산 지 얼마 안 됐다고!
俺の獲物だー!	내 사냥감이다!
へっ、まったく、お前らはわかってないんだよ!	흥, 정말이지 너희는 아무것도 몰라!
俺の言うことを聞け!くせろ!	내 말 들어! 엎드려!
コスプルしなくったってできるものはできるんだ	분장을 안 해도 할 수 있는 건 할 수 있어.
仕留めたな。じゃあ、さっさと終わりにするか。	잡았군. 그럼 얼른 끝내자.
俺は抜けるぜ! 刑務所域になるには イケメンすぎるからな!	난 빠질래! 감옥에 가기엔 너무 잘생겼거든!
来たときにはもうこの有様だったんだ	왔을 때는 이미 이 꼴이었어.
こいつ 駆け直して来ないんだよ	이 녀석은 전화를 다시 안 하더라고.
カズドが混ざってるのにどうしてこうなるんだ	수가 더 많은데 왜 이렇게 되는 거야?
なー頼むよー	야, 부탁이야.
いいえものだろ?金はこう使うもんだ	좋은 물건이지? 돈은 이렇게 쓰는 거야.
ホントだ!スパイダーマンドだ!	진짜야! 스파이더맨이다!
この銃お前の障害賃金より高いんだぞ	이 총은 네 평생 수입보다 비싸다고!
これが、ニューヨークに住む大ゴミね!	이게 뉴욕에 사는 묘미지!
スパイダーンだって!馬鹿な!ああ、	스파이더맨이라고? 말도 안 돼!
ボスを騙そうとしたことを 後悔してるんだろう?	보스를 속이려 한 걸 후회하고 있겠지?
オラオラオラ!	받아라! 받아! 받아!
なんでいつもしかとすんで、話があるって言ってんだろ!	왜 맨날 무시하는 거야? 할 말이 있다잖아!
そうだ! あんたのファンクラブを作るよ!	그래! 당신 팬클럽을 만들게!
俺に勝てるものなら 式を取らせてやろう	나를 이길 수 있다면 지휘를 맡겨 주마.
へへ、大したことね、じゃん	헤헤, 별거 아니잖아.
なんでいつも仕方すんだ?話があるって言ってんだろ!	왜 맨날 무시하는 거야? 할 말이 있다잖아!
消灰は消した!撤収する!	승부는 결정됐다! 철수한다!
勝敗は決した!手術する!	승부는 결정됐다! 철수한다!
嫁に元嫁に彼女って同時進行しすぎだろ?	아내에 전처에 여자 친구까지, 한꺼번에 너무 많지 않아?
叩きのメスぞー!	박살 내 주마!
ひっひっひいいはじさらしだー	히히히, 꼴 좋다. 제대로 망신당했군!
おいおい、この見下げ果てたバーガーは何なんだ?	어이, 이 한심한 바보는 뭐야?
お前それは何のつもりで?	너 대체 무슨 생각이야?
ねぇ 滑る!	야, 미끄러워!
ゼクシターがブチ切れる前に クラブに行かなきゃな	덱스터가 폭발하기 전에 클럽에 가야겠어.
よーしよし、こいつを待ってたんだ	좋아, 좋아. 이걸 기다렸지.
お前こっちで来い	너, 이리 와!
さあ、覚悟してもらおうか。ああ、くいしまれな!	자, 각오해라. 이 악물어!
なんでそんなマスクつけてんだよ!少子証明のバカだな	왜 그런 가면을 쓰고 있냐? 명실상부한 바보군.
くさばってもらおうかくさやろ	뒈져 주셔야겠어, 망할 놈!
自由だ!構えて撃て!	자유 사격! 조준하고 쏴!
スパイダーマン上と乗せてって!	스파이더맨, 나도 태워 줘!
そんな後ろで、俺の声聞かれてる?	그렇게 뒤처져서 내 목소리 들리겠어?
くさ、早すぎる!	젠장, 너무 빨라!
全員は終えないさ、分散するんだ!	전부 쫓아오진 못할 거야. 흩어져!
パジャマって頭おかしいんじゃねぇの?へっへっへ	잠옷이라니, 머리가 어떻게 된 거 아냐? 헤헤헤.
叩きのめされる前にヒレクスがいい	두들겨 맞기 전에 엎드려라.
テレビの方がタフに見えるなテ	TV에서 볼 때는 더 강해 보이던데.
ああ、スパイダーマ!そんな馬鹿な!	아, 스파이더맨! 말도 안 돼!
なんでそうなるの?年	왜 그렇게 되는 거야?
軍用品ショップで手に入るものときたら ちょっとすごいぜ	군용품 가게에서 구할 수 있는 물건은 제법 굉장하다고.
パジャマって… 頭おかしいんじゃねえの?	잠옷이라니... 머리가 어떻게 된 거 아냐?
スパイダーウーマンの誰かと競争した方が面白かったかな	스파이더우먼이나 누구 다른 사람이랑 경주하는 게 더 재밌었으려나?
サインもらえるかしら あの 子供にね	사인 받을 수 있을까요? 저기, 애한테 주려고요.
あの、もしかしてここを一緒だった?	저기, 혹시 같은 고등학교 나왔어요?
ぶつ殺してやれー!	죽여 버려!
名誉の主は与えてやろう!	명예로운 죽음을 내려 주마!
タクシー!スパイダーも、どちらもいいから!	택시! 스파이더맨! 누구든 좋으니까!
ありがとう!ああー、本当にありがとう!	고마워요! 아, 정말 고마워요!
同家の頃もまとった愚か者目	광대 옷을 걸친 어리석은 놈!
よよよ、スパイダーマン	어이, 어이, 스파이더맨!
髪は自分で切ってる もう何年もそうしてるよ	머리는 직접 잘라. 몇 년째 그렇게 해 왔어.
こいつ 駆け直して来ないんだよ	이 녀석은 전화를 다시 안 하더라고.
なんでこっちが痛い思いしてんだよ	왜 내가 아파야 하는 건데!
ああ、しょうきか!	아, 제정신이야?
面倒を起こし上がって何が楽しいんだ	말썽을 일으키는 게 뭐가 재밌냐?
うちはプラズマテレビ買うからな なんの問題もない	우린 플라스마 TV를 살 거니까 문제없어.
ねぇスパイダーも乗せてってくれない?	스파이더맨, 나도 태워 주지 않을래?
ああ、勝負あった!てしゅう!	아, 승부는 끝났다! 철수!
オラオラ! パワーが押してきたぜ!	어이, 어이! 힘이 빠지고 있잖아!
じゃあ、差を半分ずつでどうだ	그럼 반씩 나누는 건 어때?
なんだよ、こいつ!無鞘区すぎて、素顔じゃ外歩けないって!	뭐야, 너무 못생겨서 맨얼굴로 못 다니는 거야?
俺の足の裏眺めてるのはそんなに楽しいか?	내 발바닥 구경하는 게 그렇게 재밌어?
助かったわ、スパイダーマ!	덕분에 살았어요, 스파이더맨!
叩きの目される前にヒレフスがいい!	두들겨 맞기 전에 엎드려라!
重い知らせてやれ!	본때를 보여 줘!
なんだよこいつ! 武蔵くすぎて 素顔じゃ外歩けないって?え?	뭐야, 너무 못생겨서 맨얼굴로 못 다니는 거야? 어?
叩きの目される前に自らヒルフスガイ	두들겨 맞기 전에 스스로 엎드려라.
これは誰のお出ましかと思えば	이게 누구신가 했더니.
武器が無効化された! 武器が無効化された!	무기가 무력화됐다! 무기가 무력화됐다!
相手にしてるのが 誰かをわかってるんだろうね	네 상대가 누군지는 알고 있겠지?
さっさと行きよ、バカやろ!	어서 가, 바보야!
じゃあ強制的に俺の担当かよ	그럼 강제로 내가 맡아야 한다는 거야?
レビの方が痩せて見えるわね	TV에서는 더 날씬해 보이네요.
目標、エチロンラインを通過中	목표, 엡실론 선 통과 중.
何もしてないっては、	아무 짓도 안 했다니까!
てめぇ、ぶっ殺してやる!	이 자식, 죽여 버리겠어!
指示があったら光線製用	명령이 떨어지면 교전하라.
やめてくれ! やなー!	그만해! 싫어!
おぉ! ふっふっふ! 悔しいか?	오! 흐흐흐, 분하냐?
周辺エイリア分析中	주변 지역 분석 중.
コスプレしなくたってできるものができるんだ!	분장을 안 해도 할 수 있는 건 할 수 있어!
あのパジャマ来た馬鹿は何もね?	저 잠옷 입은 바보는 누구야?
誰かそういつを!	누가 저놈 좀!
こいつを取ってくれ	이것 좀 떼어 줘!
かかってこいおくびょうものめい!	덤벼라, 겁쟁이 자식!
ああ、ありがとう、ありがとう	아, 고마워요. 고마워요.
彼女さあそのすげぇドレスで現れてさあたまんねえ	그 여자가 끝내주는 드레스를 입고 나타났거든. 정말 굉장했지.
それには反論したい	그 말엔 반박하고 싶은데.
この車は接種する	이 차는 징발한다.
人がどう言おう気にしないよ	남들이 뭐라고 하든 신경 안 써.
市長がこのことをしたらただじゃ済まないぞ	시장이 이 일을 알면 그냥 넘어가지 않을 거야.
あ、私のバーク返して	아, 내 가방 돌려줘!
痛かったか?今のはほんの小手調べだぜ。	아팠냐? 방금 건 몸풀기에 불과해.
スパイダーマンってホントにいたのか	스파이더맨이 진짜 있었구나.
どうけの頃もまとった愚か者目	광대 옷을 걸친 어리석은 놈!
こいつは早い上に効くぜ?	이건 빠른 데다 위력도 좋다고.
おい!さっさと意図をしまって帰りな、くずめ!	야! 어서 거미줄 집어넣고 꺼져, 쓰레기야!
我々はお前のような惹きおものと 戦うために鍛えてきた	우린 너 같은 비겁한 놈과 싸우려고 수련해 왔다.
分かれるぞ! そうすれば追って来れない!	흩어져! 그러면 쫓아오지 못해!
周辺が早く来てくれますように	지원군이 빨리 와 줬으면!
あの変な服に惑わされるなよあんなのこけおどしだ	저 이상한 옷에 속지 마. 겁주려는 것뿐이야.
なんと俺を言ったらいいのか。	어떻게 감사해야 할지 모르겠어요.
なんで、なんでこっちが痛い思いしてんだよ!	왜, 왜 내가 아파야 하는 건데!
ちょ! これテレビか何か?	잠깐! 이거 TV 촬영 같은 거야?
おい、仕事に送れちまう!	야, 출근에 늦겠어!
俺にもスーパーパワーがあったらなきっともてもてだぜ!	나도 초능력이 있으면 분명 인기 만점일 텐데!
忘れられない1日にしてやるぜ、マスケ野郎!	잊을 수 없는 하루로 만들어 주마, 복면 자식!
誰かこいつについての情報だぜ!すぐにだ!	누구든 저놈의 정보를 가져와! 당장!
みんなあんたの見方だ、スパイダーマン	다들 당신 편이에요, 스파이더맨.
そのまま、我が道を行けよう	그대로 네 갈 길을 가.
相手にしてるのが誰か分かってるんだろうな!	네 상대가 누군지는 알고 있겠지!
こうこなくちゃな、スパイダーマン!	이래야지, 스파이더맨!
やめて私の宝物なの	그만해! 내 보물이야!
俺の兄貴アスコーピオンなんだぞ!今に見てろ!	우리 형이 스콜피온이야! 두고 봐!
反対側に回って風邪打ちするんだ!	반대편으로 돌아가서 협공해!
そのまま我が道を行けよ	그대로 네 갈 길을 가.
死にたくなきゃ急ぎ	죽기 싫으면 서둘러!
アジドで再結集!	은신처에서 다시 집결해!
へへへ、マスクやろうめ、覚悟しない!	헤헤헤, 복면 자식, 각오해라!
この銃、お前の障害賃金より高いんだぞ!	이 총은 네 평생 수입보다 비싸다고!
あの、もしかして、ここを一緒だった?	저기, 혹시 같은 고등학교 나왔어요?
いいぞお前らとどめをさしてやり	좋아, 얘들아. 끝장을 내 줘!
へ帰らせてくれ	집에 가게 해 줘.
ほら、サイクあげるわ。	자, 지갑 줄게요.
コスプレイヤローをぶっ殺せ	저 분장한 놈을 죽여!
お金をあげてもいいけど そのバッグはお気に入りなのよ	돈은 줘도 되지만 그 가방은 내가 아끼는 거예요.
ぶっ、ぶっ殺しやる!	주, 죽여 버리겠어!
やめて!お願い!	그만해! 제발!
兄貴が言ってたことは間違ってたんだな	형이 한 말은 틀렸구나.
おいおい今のはちょっと情けなくないか?	어이, 방금 건 좀 한심하지 않냐?
情報への移動を確認	위쪽으로 이동하는 것을 확인.
令するまで誰も動かな!	명령할 때까지 아무도 움직이지 마!
あっ!あっちとで、合流だ!	아! 은신처에서 합류해!
ランボーしないで	난폭하게 굴지 마!
その人を捕まえて!	저 사람 잡아 줘!
うーん、医者はいないの!	으, 의사 없어요?
セーブル様の命令だ、パーカーをできるだけ傷つけずに捕獲しろ!	세이블 님의 명령이다. 파커를 최대한 다치지 않게 생포해라!
地下鉄にするよかった!	지하철을 탈걸 그랬어!
誰か聞こえるか!やられたー!	누구 들리나! 당했다!
これでもう、減らず口も聞けねぇなぁ!	이제 그 건방진 입도 못 놀리겠군!
コウホにすら上がらなかったわ	후보에도 오르지 못했어.
頼もうれには子供がいるんだ	부탁이야. 내겐 아이가 있어!
これがスーパーヒーローの街か!	이게 슈퍼히어로의 도시란 말인가!
誰か軍を読んで!	누가 군대 좀 불러 줘!
遊びたいなら、丸一日でも付き合ってやるぜ!	놀고 싶다면 하루 종일이라도 상대해 주지!
じゃあさお半分ずつでどうだ?	그럼 반씩 나누는 건 어때?
ああ、スパイダーマン!	아, 스파이더맨!
みさか!スパイダーマンが俺を殴ったんだ	봤어? 스파이더맨이 날 때렸어!
すっげーなぁ	굉장하네.
誰か辞めさせて!	누가 좀 말려 줘!
助けてちょうどーい!	도와주세요!
お前バカか?スパイダーマンだぞ	너 바보냐? 스파이더맨이라고!
こいつボーダン使用なのか?	이놈 방탄인가?
スパイダーマ助かったわ!	스파이더맨, 덕분에 살았어요!
その馬鹿げたマスクを剥がしてやる!	그 우스꽝스러운 가면을 벗겨 주마!
明日の朝乗り込んでいって全員首にしてやる!	내일 아침 쳐들어가서 전부 해고해 버릴 거야!
これが終わったら映画にでも行かないか	이거 끝나면 영화라도 보러 갈래?
この絵物が見えるよなぁ、おい!	이 무기가 보이지? 어이!
エンゴ、誰かー!	엄호해 줘! 누구든!
ら! 武器は捨てるよ!	자! 무기는 버릴게!
我々は多くの龍派を極めた戦士だ!	우리는 수많은 유파를 통달한 전사다!
ドクターストレンジのところで占ってもらおうきっと面白いよ!	닥터 스트레인지한테 점을 보러 가자. 분명 재밌을 거야!
攻撃失敗78%!	공격 실패율 78%!
礼願大統領か 懐かしいな	레이건 대통령이라니, 그립군.
状況を消惑しろ急げよ	상황을 파악해라. 서둘러!
うーてーよ、こんなの楽勝だ	쏴! 이런 건 식은 죽 먹기야!
前は俺のボスじゃない	넌 내 상사가 아냐.
来た時にはもうこの有様だったんだ	왔을 때는 이미 이 꼴이었어.
へぇ、どうだい気分は	헤, 기분이 어때?
くっ…殺してやる!	큭... 죽여 버리겠어!
自分を特別だと思ってるんだろうが、ただの腰抜け	네가 특별하다고 생각하겠지만 그냥 겁쟁이일 뿐이야.
うん、正気はない! 撤退だ!	승산이 없다! 후퇴하라!
後方にすら上がらなかったしな	후보에도 오르지 못했으니까.
集兵が早く来てくれますように	구급대원이 빨리 와 줬으면!
クターストレンズの居場所を知ってるか?	닥터 스트레인지가 어디 있는지 알아?
女は制服の男に弱い、常識だぜ	여자는 제복 입은 남자에게 약해. 상식이잖아.
さがあれと言ったんだ!	물러나라고 했다!
俺に任せておけ俺	내게 맡겨.
奴を殺せー!	놈을 죽여!
ほら、さよあげるから!	자, 지갑 줄 테니까!
ほら! 武器は奥から!	자! 무기는 내려놓을게!
女は男の征服姿に弱い これはガチだぜ	여자는 제복 입은 남자에게 약해. 이건 진짜야.
1日中ゲームって?まじ?	하루 종일 게임만 한다고? 진짜?
ぶ、ぶっ殺してやる!	주, 죽여 버리겠어!
かかってこい 臆病物目	덤벼라, 겁쟁이 자식!
主張が知ったらただじゃすまないわよ!	시장이 알면 그냥 넘어가지 않을 거예요!
へっ、どうだい、ケブンは?	헤, 기분이 어때?
いいぞお前ら!トドメを刺してやれ!	좋아, 얘들아! 끝장을 내 줘!
はぁ! そう簡単にはやられないぞ!	하! 그렇게 쉽게 당하진 않아!
タク、ふんなり蹴ったりだ	정말, 엎친 데 덮친 격이네.
うわー!スパイダーマンだー!	우와! 스파이더맨이다!
話した方が賢明だぜ	놓아 주는 게 현명할걸.
誰も警務者なんか生きやしねぇ!	아무도 감옥 따윈 안 가!
かかってこい、お首をものめ	덤벼라, 겁쟁이 자식!
あのコスチューム実際に見るとちょっとまぬけねや	저 복장, 실제로 보니까 좀 우스꽝스럽네.
ほら!武器は奥から!	자! 무기는 내려놓을게!
めてよ痛いじゃない命	그만해, 아프잖아!
来た時にはもうこのあり様だったんだ	왔을 때는 이미 이 꼴이었어.
あはは、違うだろ!	아하하, 그게 아니잖아!
いや その 何 か 盗まれたり し な よう に 見 て た だけ です	아니, 그게, 누가 훔쳐 가지 못하게 지켜보고 있었을 뿐이에요.
みんな見方だぜ、スパイダーマン!	다들 네 편이야, 스파이더맨!
こいつは早い上に来くぜ	이건 빠른 데다 위력도 좋다고.
ぶつ殺してやれ!	죽여 버려!
よし合図したら双印攻撃	좋아, 신호하면 전원 공격해!
銀行の裏の窓から出てくる時はやばかったぜ	은행 뒤쪽 창문으로 나올 때는 정말 위험했어.
なんでそんなマスクつけてんだよ、精神証明の馬鹿だな	왜 그런 가면을 쓰고 있냐? 명실상부한 바보군.
カージャック三条だ! 車から出ろ!	차량 강도 등장이다! 차에서 내려!
母さんは 成人だった	어머니는 성인 같은 분이셨어.
でこの可愛い子がさ 明らかに俺に気があるわけよ	그런데 그 예쁜 애가 분명히 나한테 관심이 있는 거야.
武器、スキャン確定、完了	무기 스캔, 확인 완료.
ありがとう、パイダーマン	고마워요, 스파이더맨.
お前それは何のつもりだ	너 대체 무슨 생각이야?
エンゴー?誰か!	엄호해 줘! 누구든!
頭は下げておき!	머리 숙여!
そいつはノーマットと名乗りおい、聞くのが聞かないのか?	그 녀석은 노매드라고 하더라고... 야, 듣는 거야, 마는 거야?
で何をしよってんだ?	그래서 뭘 하려는 거야?
一体世の中どうなってるのよ	대체 세상이 어떻게 돌아가는 거야?
カメラ持ってくれよかった これは得だなもんだ	카메라를 가져올걸. 이건 특종감인데.
あんただけ例外なんてありえないだろ	너만 예외일 수는 없잖아.
ああ、銀行の裏の窓から出てくる時はやばかったぜ	아, 은행 뒤쪽 창문으로 나올 때는 정말 위험했어.
バジャマって!頭おかしいんじゃないの?	잠옷이라니! 머리가 어떻게 된 거 아냐?
あいつの首を取って奴には10ポイント加算だ!	놈의 목을 따는 녀석에게 10점 추가다!
我らの名を世にらしめる時が来た	우리의 이름을 세상에 알릴 때가 왔다.
でこのすげぇ可愛い子がさ 明らかに俺に気があるわけよ	그런데 그 엄청 예쁜 애가 분명히 나한테 관심이 있는 거야.
貴様の頭を勝ち割ってやる	네 머리를 쪼개 주마!
私の兄はスコーピオンよ今に見てなさい	우리 오빠가 스콜피온이야. 두고 봐!
あれ、スパイダーマン?ファイアスター?あの手間はみんな同じに見えるぜ	어, 스파이더맨? 파이어스타? 저런 놈들은 다 똑같아 보여.
エネルギーライフルを停出力で、タカオイケ取りにしろ!	에너지 소총을 저출력으로 설정해 파커를 생포하라!
静かにしてるや、痛い目見ずにする!	가만히 있으면 아픈 꼴 안 볼 거야!
それじゃ、楽しませてもらおうか	그럼, 즐겨 볼까?
あー、撤収した方が	아, 철수하는 편이...
こでブーツ買ってる?俺はめっちゃ苦労してるんだが	부츠는 어디서 사? 난 구하기가 정말 힘들던데.
ああお前思ってより早いな	아, 너 생각보다 빠르구나.
これで食ってるんだお前の職場なんか知ったことが	난 이걸로 먹고살아. 네 직장 따위 내 알 바 아냐.
我々は多くの龍波を極めた戦士だ	우리는 수많은 유파를 통달한 전사다.
コスチューム着たやつは全員いかさまだって全部インチキだ	복장 차려입은 놈들은 다 사기꾼이야. 전부 엉터리라고.
なあ、誰かあたぼこもってね	야, 누구 담배 없어?
それでもスーパーヒーローのつもり?	그러고도 슈퍼히어로라고 생각해?
様はもうおしまいなんだよ	넌 이제 끝장이야.
何のつもりだ、ミュータンとやろう!	무슨 속셈이냐, 뮤턴트 자식!
劇通を味わわせてやれ	끔찍한 고통을 맛보게 해 줘!
あんたデアデビリより うんとすごいなぁ	넌 데어데블보다 훨씬 대단하네.
なあ 誰かタバコ持ってね	야, 누구 담배 없어?
目標発見!スパイダーマン死人!	목표 발견! 스파이더맨을 확인했다!
定察には何も映らなかった	정찰에서는 아무것도 포착되지 않았다.
高齢を出すまで誰も動くなよ!	명령할 때까지 아무도 움직이지 마!
これがニューヨークに住む大ゴミね	이게 뉴욕에 사는 묘미지.
やったでしょ!よくこの辺で見るって!	말했잖아! 이 근처에서 자주 보인다고!
新聞見せてくれよ、警罰が気になってさ	신문 좀 보여 줘. 경마 결과가 궁금해서.
だが、踏んだり蹴ってるだ	정말, 엎친 데 덮친 격이네.
見ろ!スパイラーマンだ!	봐! 스파이더맨이다!
ゴーレを出すまで誰も動くなよ	명령할 때까지 아무도 움직이지 마.
頼む!やめてくれー!	부탁이야! 그만해!
おかに、武器システムに問題のある奴はいないか?	그 밖에 무기 시스템에 문제가 있는 사람 없나?
ねないなら、俺が寝かせてやる!	안 자겠다면 내가 재워 주마!
奴だって全員は追いないさ! 分散するんだ!	놈도 전부 쫓아오진 못해! 흩어져!
弁護士へ呼んでやる!	변호사를 부를 거야!
うてよ、こんなの楽勝だ	쏴! 이런 건 식은 죽 먹기야!
かに武器システムに問題のあるやつはいないか?	그 밖에 무기 시스템에 문제가 있는 사람 없나?
車をいただくぞ!おら、さっさとどけ!	차는 내가 가져간다! 어서 비켜!
お前がニュヨーク来た時に言っただろ?コスチューム来た奴らとは戦うなって	네가 뉴욕에 왔을 때 말했잖아? 특이한 복장을 한 놈들과는 싸우지 말라고.
ぼっこぼっこにしてやるぜ!	흠씬 두들겨 패 주마!
地上作戦実行中目	지상 작전 수행 중.
わかった これでサイン語だからな	알았어. 이번이 마지막이야.
さあ、そんじゃ決めてやろうぜ	자, 그럼 끝장을 보자!
ジープ部隊ジュリエットケベックへ	지프 부대, 줄리엣 퀘벡으로 이동하라.
ふせろと言ってるだろうが、たくん命令を聞かんか!	엎드리라고 했잖아! 정말, 명령 안 들을 거야?
スーパーヒーローと戦うなんて、もうコリコリだ!	슈퍼히어로와 싸우는 건 이제 질색이야!
頼む!もう、殴らないでくれ!	부탁이야! 더는 때리지 마!
俺らの音楽の好みって 変わらないもんだな	우리 음악 취향은 변하지 않는구나.
ふせろと言ってるだろうがたく、メレを聴かんか!	엎드리라고 했잖아! 정말, 명령 안 들을 거야?
なんか適当に暇つぶしの材料探しとけ	뭐든 적당히 시간 때울 거리를 찾아 둬.
へっ!こうやるんだ!	헷! 이렇게 하는 거야!
ぼこぼこにすんぞ、ごら!	흠씬 두들겨 패 주마, 이 자식!
うぅん、負けると腹が立つ!	으, 지면 화가 나!
いい勝負になるかもしれないが お前では勝てない	제법 좋은 승부가 되겠지만 넌 이길 수 없어.
お願いだ!助けてくれぇ	제발! 살려 줘!
人がどういうと気にしないよ	남들이 뭐라고 하든 신경 안 써.
俺らこんなところで何してんだろうな	우리가 이런 데서 뭘 하고 있는 걸까?
何か適当に暇つぶしの材料を探しとけ	뭐든 적당히 시간 때울 거리를 찾아 둬.
今からこいつは俺の車だ	지금부터 이건 내 차야.
目標発見!スパイダーマン死人!	목표 발견! 스파이더맨을 확인했다!
この道を通りたきゃ通行料よこしな	이 길을 지나가려면 통행료를 내라.
スーパーヒーローってのはね、はじみっから勝つって決まってんだよ	슈퍼히어로는 말이지, 처음부터 이기게 돼 있다고.
これは…やべえぞ!	이건... 위험해!
ああ、こいつマジぶっ殺してやりて!	아, 이놈 정말 죽여 버리고 싶어!
交参、交参だ!	항복, 항복이야!
万発端統合一周できるだけの意図はあるのか?	맨해튼섬을 한 바퀴 돌 만큼 거미줄이 있긴 해?
あ、す、すべる!	아, 미, 미끄러워!
いやーそのー何か盗まれたりしないように見てただけです	아니, 그게, 누가 훔쳐 가지 못하게 지켜보고 있었을 뿐이에요.
さあいつガタガタ震えてやんの	저놈, 벌벌 떨고 있네.
警務所なら大歓迎してくれるぜ	감옥에선 널 두 팔 벌려 환영할걸.
標ベータランを通過中	목표, 베타 선 통과 중.
静かにしてるや痛みは見ない	가만히 있으면 아픈 꼴 안 볼 거야.
攻撃命令434-534	공격 명령 434-534.
ら、武器は捨てるよ!	자, 무기는 버릴게!
大したことは言ってない、でもあの手の女だからな	별말 안 했어. 하지만 그런 부류의 여자잖아.
金が必要なんだ!深刻な財政なんなんだ!	돈이 필요해! 사정이 정말 심각하다고!
これはやべぞ?	이거 위험한데?
ああ、こいつマジぶっ殺してやりてぃ	아, 이놈 정말 죽여 버리고 싶어!
スーパーヒーロってのはな、初めから勝つって決まってんだよ	슈퍼히어로는 말이지, 처음부터 이기게 돼 있다고.
目標は 地上部隊 間隔内	목표, 지상 부대 사정거리 내.
目標細く!やれやれやれ!	목표 포착! 쏴! 쏴! 쏴!
アップロードしたいんだ! 武器詳細に接続してくれ	업로드하려고 한다! 무기 상세 정보에 연결해 줘!
スパイの真似なんか仕上がって後悔してんだろ?	스파이 흉내를 낸 걸 후회하고 있겠지?
ハロウィンじゃないしお菓子もあげないよさ、どう言ってん?	핼러윈도 아니잖아! 사탕도 안 줄 거야! 자, 비켜!
なんでそんなマスクつけてんだよ! 消し証明のバカだな!	왜 그런 가면을 쓰고 있냐? 명실상부한 바보군!
ああ、それはだいぶ前の話だ	아, 그건 한참 전 얘기야.
へぇ、今のはどうだ?	헤, 방금 건 어때?
アップロードしたいんだ、武器詳細に接続してくれ	업로드하려고 한다. 무기 상세 정보에 연결해 줘.
へっどうだいまのは	헷, 방금 건 어때?
テレビの方が痩せて見えるわねテ	TV에서는 더 날씬해 보이네요.
おいおい、そのカッコで家から出てきたわけ?	어이, 그 차림으로 집에서 나온 거야?
俺たちが最強だぜ	우리가 최강이야!
パジャマ野郎の相手なんて平のカッパさ	잠옷 입은 놈쯤이야 식은 죽 먹기지.
二百年前も、今のお前の言葉が元で争いになった	200년 전에도 네가 방금 한 말 때문에 싸움이 일어났다.
これだよさっき言ってたのはタクコスプレなんてよくやるよ	이거야, 아까 말한 게. 참, 저런 분장을 하고 다니다니.
アルティメッツの練習ってどれぐらいだろうな?それが知りたいんだ	얼티미츠의 연봉이 얼마나 될까? 그게 궁금해.
な奴に助けられたなんて 誰にもバレませんように	저런 놈한테 도움받은 걸 아무도 몰랐으면.
分かりよそうすれば追ってはこれまい	흩어져! 그러면 쫓아오지 못할 거다.
まっすぐにうてるやつはいないのかよ	똑바로 쏠 줄 아는 녀석 없어?
助けて!助けて!	살려 줘! 살려 줘!
やめてくれ、これは僕の宝なんだカ	그만해. 이건 내 보물이야!
くさ、撤収しよう	젠장, 철수하자.
はぁ、今のはどうだ俺	하, 방금 건 어때?
今夜のバトルは映画が決定だなぁおい	오늘 밤의 싸움은 영화로 만들어도 되겠는데.
勝負あった!お前ら手術だ!	승부는 끝났다! 얘들아, 철수해!
見えてはいるけど信じらんね	보고도 믿을 수가 없네.
周辺地域をスキャンチュー	주변 지역 스캔 중.
コスプレしなくたってできるものができるんだ	분장을 안 해도 할 수 있는 건 할 수 있어.
じゃあ、あとよろしく!俺は行くよ!	그럼, 뒤를 부탁해! 난 갈게!
首を取ったものに5000ドルだ!	목을 따는 놈에게 5,000달러다!
パジャマ野郎の相手なんて平のかっぱさ	잠옷 입은 놈쯤이야 식은 죽 먹기지.
読んだこともないほうなんで進められるのさ	읽어 보지도 않은 책을 어떻게 추천해?
おやじの車拝借したらさ、 未だに盗まれたと思ってんだぜ	아버지 차를 좀 빌렸더니 아직도 도둑맞은 줄 아셔.
アルファナインから偵察情報	알파 9에서 정찰 정보 보고.
第2防衛戦まで、後退!	제2 방어선까지 후퇴하라!
ああ、いやその、何か盗まれたりしないように見てただけです	아, 아니, 그게, 누가 훔쳐 가지 못하게 지켜보고 있었을 뿐이에요.
お前は、俺のポスじゃない	넌 내 상사가 아냐.
司令部情報	사령부 정보.
バケボの目、出ていけ!	괴물 자식, 꺼져!
これを待ってたんだ	이걸 기다렸지.
こんな日に限って金属ナックルを 家に置いてくるとはね	하필 이런 날에 너클을 집에 두고 오다니.
叩きのめされる前に切れ伏すがいい!	두들겨 맞기 전에 엎드려라!
ホントに本物なのか?	정말 진짜인가?
えっと、鍵なくしました聞	저기, 열쇠를 잃어버렸어요.
大学は来年からといいよ今年は自分のために使おう	대학은 내년부터 다니면 돼. 올해는 자신을 위해 써.
ああ、後でクラヴヨってナンパしようぜ	아, 이따 클럽 가서 여자한테 말 걸어 보자.
くさんだ!別に金には困ってねえよ!	이젠 질렸어! 돈 때문에 아쉬운 것도 아닌데!
そっくりなコスチーム持ってるわよ!	나도 똑같은 복장이 있어요!
へっへこれでもうひらずぐちも聞けねぇな!	헤헤, 이제 그 건방진 입도 못 놀리겠군!
あいつらから一目置かれる方法を 教えてやろう	저 녀석들에게 인정받는 방법을 가르쳐 주지.
そうだ!そうこなきゃな!	그래! 이래야지!
娘があたの大ファンだよ	우리 딸이 당신 열성 팬이야.
飛んだはじされしだ!ここで終わらせよう	이런 망신이 있나! 여기서 끝내자.
聞こえなかったのか?動けな!	못 들었나? 움직이지 마!
たく、踏んだリケッテリだ	정말, 엎친 데 덮친 격이네.
泣き事は聞きたくないな	징징대는 소리는 듣기 싫어.
俺は自分の仕事をしているだけだ	난 내 일을 할 뿐이야.
変な奴に助けられたなんて 誰にもバレませんように変	이상한 놈한테 도움받은 걸 아무도 몰랐으면.
アイツの首を取った奴には10ポイント加算だ	놈의 목을 따는 녀석에게 10점 추가다.
さっさと 片付け て 飲み に いこうぜ	얼른 끝내고 술 마시러 가자.
すげぇくたくただよ!もう寝たい!	완전히 녹초야! 이제 자고 싶어!
そんなだせいマスクつけるんだし、よっぽどブサイクなんだな。	그런 촌스러운 가면을 쓰다니, 어지간히 못생겼나 보군.
あんたがいなきらどうしようもないよ	당신이 없었다면 어쩔 수 없었을 거예요.
おんきで引き足しないとでも思ってる?確かにそうなんだけどさ	내가 정말 방아쇠를 안 당길 거라고 생각해? 뭐, 그렇긴 하지만.
これじゃ銃が使えねぇ!	이래선 총을 못 쓰잖아!
くそ!もうたくさんで!	젠장! 이젠 지긋지긋해!
これ取れないのか?うわ	이거 안 떨어지나? 으악!
うぅぅ… 医者はいないのか!	으으... 의사 없나!
もうたくさんだ! 別に金には困ってねえよ!	이젠 질렸어! 돈 때문에 아쉬운 것도 아닌데!
ねぇあれスパイダーマン? それともノバ? いつも分からなくなるのよね?	저거 스파이더맨이야? 아니면 노바? 항상 헷갈리더라.
俺たちが最強だぜ!	우리가 최강이야!
あの変な服に惑わされるなよ! あんなのこけ落としだ!	저 이상한 옷에 속지 마! 겁주려는 것뿐이야!
スパイダーマ、それともスピードボール?今やち違いが分かるないんだよね?	스파이더맨, 아니면 스피드볼? 둘을 잘 구분 못 하겠더라.
30分も重大に引っかかっちまったああ、	차가 막혀서 30분이나 갇혀 있었어.
今夜のバトルは映画家決定だなおい	오늘 밤의 싸움은 영화로 만들어도 되겠는데.
リダツシロ早く!	이탈하라! 어서!
はっこのバガを見ろよ	하, 이 바보 좀 봐라.
前はこっちだ!俺は向こうへ行く!	넌 이쪽으로 가! 난 저쪽으로 갈게!
おいあいつ早いぞみ	야, 저놈 빨라!
さあ、覚悟してもらおうか!はぁ、くい縛りない!	자, 각오해라! 이 악물어!
お前殺す!	널 죽이겠다!
お前 殺す	널 죽이겠다.
すげー!すげーぜ!	굉장해! 굉장하다고!
よしよしこいつを待ってたんだ	좋아, 좋아. 이걸 기다렸지.
あんたがスパイダーマンだったら一発くらっても減っちゃらだろうにね	네가 스파이더맨이라면 한 대쯤 맞아도 끄떡없겠지.
またおいでなすったか	또 납셨군.
セラピストの先生に言わなくっちゃ!	상담 선생님께 말씀드려야겠어!
ぼひょうでも書いてさっさと行くか!	묘비명이라도 써 주고 얼른 갈까!
勝気はない!撤退だ!	승산이 없다! 후퇴하라!
ヘリオ呼べ、1919だ	헬기를 불러라. 1919다.
サインもらえるかしら?あの、子供にね	사인 받을 수 있을까요? 저기, 애한테 주려고요.
26歳の若さと完璧な装備	스물여섯의 젊음과 완벽한 장비.
さ、寒い	추, 추워.
ベノムスーツ、起動力あり	베놈 슈트, 기동력 있음.
子供にあなたの名前をつけたわ	아이 이름을 당신 이름으로 지었어요.
見えてあえるけど信じらんね	보고도 믿을 수가 없네.
こいついかかればお前もおしまいだ	이걸 맞으면 너도 끝장이야.
ちょっと何するだよ!	잠깐, 뭐 하는 거야!
そんなんでまだみんなが誤解してるって言うのか?	그러고도 사람들이 널 오해한다고 할 거야?
スパイダーマン、メアド聞いていいかな?	스파이더맨, 이메일 주소 물어봐도 돼?
へっ、そう簡単にはやらないぞ!	헷, 그렇게 쉽게 당하진 않아!
そこなら最上品を出す! 地下室にすごい設備を入れてるんだ!	거기라면 최상품을 내놓지! 지하실에 굉장한 설비를 들여놨거든!
お前そっくりの雲もう、もう一匹連れてこようか?	너랑 똑 닮은 거미를 한 마리 더 데려올까?
ふっふっ、思ったよりも落ちこたえてるな	후후, 생각보다 잘 버티는군.
スパイダーマン、あんたお男だ!	스파이더맨, 넌 진짜 사나이야!
俺は医者じゃない専門家に見てもらってくれ	난 의사가 아냐. 전문가에게 진찰받아.
忘れられないちにちにしてやるぜ、マスクやろう	잊을 수 없는 하루로 만들어 주마, 복면 자식.
あそこなら最上品を出してくれるよ地下室にすごい設備を入れてるんだ	거기라면 최상품을 내놓지. 지하실에 굉장한 설비를 들여놨거든.
誰か、誰か助けてくれー!	누구든, 누가 좀 도와줘!
わったく面倒なことをしてくれた	정말 성가신 일을 저질렀군.
お前など見てるだけで吐きがする!	넌 보기만 해도 구역질이 나!
お前など見てるだけで吐き気がする	넌 보기만 해도 구역질이 나.
なあ、俺のせいだったんだ。ギリギリまで銃に気がつかなかった	야, 내 잘못이었어. 마지막 순간까지 총을 못 봤거든.
やったな見てろよ	잘도 그랬겠다. 두고 봐!
はぁ、そう来なきゃな!	하, 이래야지!
お見事ね、パイダーマン	멋져요, 스파이더맨.
今週に入ってもう3回目だわ!	이번 주에만 벌써 세 번째야!
よっしゃ!行くぞー!	좋아! 가자!
丸焼きにしつやれ!	통구이로 만들어 버려!
暑くなろうぜ	뜨겁게 놀아 보자!
分かれるぞ、そうすれば追ってこれない	흩어져! 그러면 쫓아오지 못해.
仕留めたな?さっさと終わりにするか?	잡았군? 얼른 끝낼까?
私はもうダメだ!	난 이제 틀렸어!
スクを外せよ!	가면을 벗어!
すごいぜ! スパイダーマン!	멋지다! 스파이더맨!
命令があるまで動くの!	명령이 있을 때까지 움직이지 마!
コスチューム着たやつ初めて見たぞ!	저런 복장 입은 놈은 처음 봤어!
死にてくれきゃ走れ!	죽기 싫으면 뛰어!
仕留めたら じゃあさっさと終わりにするか	잡았군. 그럼 얼른 끝내자.
676 処理中 応援もとむ	676 처리 중. 지원 바람.
反対側行って 合図を待て	반대편으로 가서 신호를 기다려.
なんと俺を言ったらいいのか	어떻게 감사해야 할지 모르겠어요.
視聴がこのこと知ったらただじゃすまないわよ	시장이 이 일을 알면 그냥 넘어가지 않을 거예요.
いつもの張ったりはどこ行ったんだろうなぁおい	평소의 허풍은 어디로 갔냐, 어이!
な、なに仕上がる!	뭐, 뭐 하는 짓이야!
どうしたんだよ セッカリしろよ	왜 그래? 정신 차려!
暑くなろぜ	뜨겁게 놀아 보자!
犬にスパイダーマンって名前つけたよ!	우리 개 이름을 스파이더맨이라고 지었어요!
警察としてはわからんな そんな服を着る必要が?	경찰로서는 이해가 안 되는군. 그런 옷을 입을 필요가 있나?
静かに、奴はまだいるぞ	조용히 해. 놈은 아직 여기 있어.
味取り合流だ!	은신처에서 합류해!
俺が先生したようだな。	내가 선수를 친 것 같군.
撃てよ!こんなの楽勝で!	쏴! 이런 건 식은 죽 먹기야!
化け物…どんな気分だ?	괴물... 기분이 어때?
こぞうめぇなんて速さだ	꼬마 녀석, 엄청나게 빠르군!
676処理中 応援もとむ!	676 처리 중. 지원 바람!
構造目なんて早さだ!	꼬마 녀석, 엄청나게 빠르군!
やめてくれ!おでかいだ!	그만해! 부탁이야!
こいつ、いって何者で?	이놈, 대체 뭐야?
ああ、パイダー!ちょっと込み上げてきた	아, 스파이더맨! 속에서 뭔가 올라오는데.
こんな日に限ってバッと家に置いてくるだな!	하필 이런 날에 방망이를 집에 두고 오다니!
服に冷えつけてやれ!	옷에 불을 붙여 버려!
お前の命も今夜限りだ	네 목숨도 오늘 밤까지다.
これ、買ったばかなんだぞ!	이거 산 지 얼마 안 됐다고!
くさ、銃が調子悪い!	젠장, 총 상태가 안 좋아!
誰か電話を!誰か!	누가 전화 좀 해 줘! 누구든!
言ったでしょ。横の辺で見るって。	말했잖아. 이 근처에서 자주 보인다고.
候補にすら上がらなかったしな	후보에도 오르지 못했으니까.
けっ! 焼きたたずめ!	쳇, 쓸모없는 놈!
ううよーい、スタート!	준비, 출발!
ううう 医者はいないの	으으, 의사 없어요?
そろそろくたばってもらおうかくさいやろ	슬슬 뒈져 주셔야겠어, 망할 놈!
お前は終わだ!いいか終わりだ!	넌 끝장이야! 알아들어? 끝장이라고!
貴様のようなやつには平度が出る!	너 같은 놈은 구역질이 나!
はっはぁ!今のは聞いただろ!	하하! 방금 건 제대로 먹혔겠지!
はっ、お前はここで死ぬんだ	하, 넌 여기서 죽는다.
まったくはじよしれ!	정말, 부끄러운 줄 알아!
ああありえねえよ	아, 말도 안 돼.
どうすんだよ、どうすんだよ!	어떡하지? 어떡하냐고!
私のアニはスコーピオンなのよ! 今に見てなさい	우리 오빠가 스콜피온이야! 두고 봐!
国部隊、ケロ、フォクストロット2に行こせよ	항공 부대, 경로 폭스트롯 2로 이동하라.
新たな一日、そしてまたスパイダーマンの訪問か	새로운 하루, 그리고 또 스파이더맨의 방문인가.
使用理解しようと思って 自分で書いてみたんだ聞いてみるか?	시를 이해하려고 직접 써 봤어. 들어 볼래?
気が変わったらまた来ないよド	마음이 바뀌면 다시 와.
バカやりたいなら要素でやってくれ!	바보짓을 하고 싶으면 다른 데 가서 해!
我々 の 武器 は お前 が 生まれる 前 の 時代 の 卓味 が 作っ た もの だ	우리 무기는 네가 태어나기도 전의 장인이 만든 것이다.
なんだよお前ら!しっかりしろよ!	뭐 하는 거야, 너희들! 정신 차려!
我々の武器はお前が生まれる前のたくみが作ったものだ	우리 무기는 네가 태어나기도 전의 장인이 만든 것이다.
ちょっと乗せてって	나 좀 태워 줘.
参加しよう!ハサミうちにするんだ!	분산해! 협공하는 거야!
こいつは早い上に効くぜ	이건 빠른 데다 위력도 좋다고.
こんなの予定と違うんぞ!	이건 계획과 다르잖아!
車を稼いって言ってるんだ!	차를 빌려 달라고 했잖아!
冒険でも書いてやってさっさと行くか	묘비명이라도 써 주고 얼른 갈까.
なんだよおまらしっかりしろよ	뭐 하는 거야, 너희들. 정신 차려!
あれ、スパイダーマンか、ターボか?	어, 스파이더맨이야, 터보야?
すごいぜ、パイダーマン!	멋지다, 스파이더맨!
何のつもりだ? 見うたんてやろう	무슨 속셈이냐? 뮤턴트 자식!
さすがね、スパイダーマ!	역시 대단해요, 스파이더맨!
スパイダーマン!今日もタイツがお似合いねぇ!ちょっと乗せてってくんない?	스파이더맨! 오늘도 타이츠가 잘 어울리네! 나 좀 태워 줄래?
あなたのマクのタトー入れてるわ	당신 마크로 문신을 새겼어요.
すぐにニュージャジーに帰らないと	빨리 뉴저지로 돌아가야 해.
っちの方がずっと数が多いぜ	우리 쪽이 수가 훨씬 많아!
ドッキーナサイ!今すぐ!	비키세요! 당장!
うう、こいつはまずい!	으, 이건 위험해!
いつは早い上に効くぜ	이건 빠른 데다 위력도 좋다고.
あ、スパイダー!あ!すげーな	아, 스파이더맨! 아, 굉장하네.
こっしゅう向きたやつなんて初めて見たぞ!	저런 복장 입은 놈은 처음 봤어!
そんなに一社にかかりたいか?	그렇게 병원에 가고 싶냐?
タク上司の癖に人の足引っ張り臭ってよ	정말, 상사라는 사람이 남의 발목이나 잡고 말이야.
航空部隊 アルファフライトプロトグル 開始	항공 부대, 알파 비행 절차 개시.
そうしたら、いきなりお袋がすっげー勢いでさ、おやじの株式データのパスワード盗んだだろって言ってきやがったの。笑えるだろう	그랬더니 갑자기 엄마가 아빠의 주식 데이터 비밀번호를 훔쳤냐고 막 몰아붙이는 거야. 웃기지?
そしたら、いきなり母親がすげぇ勢いでさぁ親父の株式データのパスワード、盗んだだろうって言ってきやがったの	그랬더니 갑자기 엄마가 아빠의 주식 데이터 비밀번호를 훔쳤냐고 막 몰아붙이는 거야.
そんで夜中までかけてどっちがいいやつでどっちが悪いやつか説明したんだが宇宙人でも見るような顔されてさ	그래서 밤늦도록 누가 착한 놈이고 누가 나쁜 놈인지 설명했는데 날 외계인 보듯 하더라고.
まだスパイダーマン!それともナイトスラッシュんどっちにしてもパジャマ姿の変な人にしか見えないわね	저거 스파이더맨이야? 나이트 스래셔야? 어느 쪽이든 잠옷 입은 이상한 사람 같네.
まあ、いいか、またレースしたくなったら呼んでくれよだいたい、バックスタービルの近くにいるからさ	뭐, 됐어. 또 경주하고 싶으면 불러. 보통 백스터 빌딩 근처에 있으니까.
女同士の話とか言うだろ?あれ いや な ん だ よ な 影 で 色々 言 て いる ん だ ぜ	여자들끼리 하는 얘기라는 거 있잖아? 그거 싫더라. 뒤에서 별말을 다 한다고.
ねぇ、あれスパイダーマ?それともダークホック?どれもパジャマ来た変な人にしか見えないんだけど	저거 스파이더맨이야? 다크호크야? 전부 잠옷 입은 이상한 사람처럼 보여.
親父の弁護士はインドでトラブってた親父を救い出したつまり俺もどうにかしてくれるってわけだ	아버지 변호사가 인도에서 곤경에 빠진 아버지도 구해 냈어. 그러니까 나도 어떻게든 해 주겠지.
もう連中にコスチュームなんか必要ないんだ一度にラマレタが最後 ベソ描いて逃げるしかない	그놈들은 복장도 필요 없어. 한 번 노려보면 울면서 도망칠 수밖에 없거든.
そのクソガキに、下手でやろうって言われたんだよなもんで、頭来て、顔にケリーれてやった	그 꼬마가 날 겁쟁이라고 하길래 열받아서 얼굴을 걷어차 줬어.
たとえ、我死の影の谷を歩むとも、わざわいを恐れず、我こそが谷の王者だから、ってな。	죽음의 그림자가 드리운 골짜기를 걸어도 재앙을 두려워하지 않으리. 내가 그 골짜기의 왕이니까, 라는 거지.
おいあれスパイダーマンか? ビッグホイルか?どっちにしてもブキミがやるんだぜ	야, 저거 스파이더맨이야? 빅 휠이야? 어느 쪽이든 기분 나쁜 놈이군.
で、そいつを叩き伏せて言ったんだ動くな、明日の朝日がおがめなくなるぜってな	그래서 놈을 때려눕히고 말했지. 움직이지 마, 내일 아침 해를 못 보게 될 테니까.
んたに対する気持ちは嫌らばしようがないよいやーほんと、マジでうんみ	당신에 대한 내 마음은 말로 다 표현할 수 없어요. 아니, 정말로요. 진심이에요.
こちらロミータジュンサー456、コスチウも来た時計段きとりが現れたどうぞ	여기는 로미타 순경 456. 특이한 복장을 한 자경단 행세꾼이 나타났다. 이상.
こちらのミータジュンサー456コスチューも来た時計段きどりが現れたどうぞ	여기는 로미타 순경 456. 특이한 복장을 한 자경단 행세꾼이 나타났다. 이상.
はっ 現実から目を背けてるな今度はミッドタンココへ行って戻るレースだ	하, 현실을 외면하는군. 이번에는 미드타운 고등학교까지 갔다 오는 경주야.
あれ、スパイダーマン!ファイアスター!あの手合いはみんな同じに見えるぜ	어, 스파이더맨? 파이어스타? 저런 놈들은 다 똑같아 보여.
お手製のコスチュームキタイローには手を出すなよやられて別を書くのがうちで	직접 만든 복장을 입은 놈은 건드리지 마. 당하고 울상을 짓게 될 뿐이야.
お手製のコスチームをえろには手を出すなよやられてベースを描くのが落ちだ	직접 만든 복장을 입은 놈은 건드리지 마. 당하고 울상을 짓게 될 뿐이야.
お前がニューヨーグ来た時に言っただろコスチューム来た奴だとは戦うなって	네가 뉴욕에 왔을 때 말했잖아. 특이한 복장을 한 놈들과는 싸우지 말라고.
スパイダーマン、彼女はいる?まあ、いや、そのただ聞いてみただけだようん	스파이더맨, 여자 친구 있어? 아니, 그게, 그냥 물어봤어.
パイロットは下手だな パラシュートで脱出したんだ奴はそのままオダブツよ	조종사가 서툴렀지. 난 낙하산으로 탈출했고 놈은 그대로 죽었어.
変に思うかもしれないけど、この銃を持った感じがすげー好きなんだよなぁ	이상하게 들릴지 모르지만 이 총을 쥐었을 때 느낌이 정말 좋아.
どこでブーツを買ってるんだ 見つけるのにめちゃくちゃ苦労してるんだが	부츠는 어디서 사? 난 구하기가 정말 힘들던데.
目標の生命反応を提出させたシステムには フルアップグレードを与えよう	목표의 생명 반응을 정지시킨 시스템에는 완전한 업그레이드를 제공하겠다.
この規律こそが町に溢れるくずどもと我々とおへだててる境界線なのだ	이 규율이야말로 거리에 넘치는 쓰레기들과 우리를 구분하는 경계선이다.
んな落ち着いていけ早食事がいくら生えてよと中身はただのクソガキだ	다들 침착해. 이빨과 촉수가 아무리 돋아나도 속은 그냥 꼬맹이야.
栄養と技を手にしたからこそ 私の廃下であるということを忘れるな	명예와 기술을 갖췄기에 내 부하가 될 수 있었다는 걸 잊지 마라.
スパイダだかサンタだか知らないけど どうかなきゃイタイム見るよ	스파이더인지 산타인지 모르겠지만 안 비키면 아픈 꼴 볼 거야.
そんな脱製マスクつけなきゃならないなんてよっぽど不細工なんだな	그런 촌스러운 가면을 써야 하다니 어지간히 못생겼나 보군.
にかく俺はもういいやって あいつもすっかり知らんか私だから俺は	아무튼 난 이제 됐다고 생각했지. 그 녀석도 완전히 모른 척하니까 난...
とにかく俺はもういいやってあいつもすかり知らん顔だしだから俺は	아무튼 난 이제 됐다고 생각했지. 그 녀석도 완전히 모른 척하니까 난...
へっ、早速始めるぞ前は手加減してやったんだそれだけだ	헷, 바로 시작하자. 전에는 봐준 거야. 그뿐이라고.
トラスクのペットが逃げ出して、俺らが連れ戻すのか?やれやれだぜ	트라스크의 애완동물이 도망쳐서 우리가 데려와야 한다고? 정말 못 말리겠군.
本気で引き足しないとでも持ってる またしかにそうなんだけどさ	내가 정말 방아쇠를 안 당길 거라고 생각해? 뭐, 그렇긴 하지만.
車が保険じゃ払い来ない請求書を送るから本名を押しやろうよ	자동차 보험으로는 다 못 갚아. 청구서 보낼 테니까 본명 좀 알려 줘.
ああ、良いこと思いついたクイーンズでレースするのはどうだ?	아, 좋은 생각이 났어. 퀸스에서 경주하는 건 어때?
おい! あの変な服に惑わされるなよ!あんなのコケをどしで!	야! 저 이상한 옷에 속지 마! 겁주려는 것뿐이야!
へへへ、これか? これはすげーだろ? こいつは特注品なんだ	헤헤헤, 이거? 굉장하지? 특별 주문한 거야.
いやいや、その、何か盗まれたりしないように 見てただけです	아니, 그게, 누가 훔쳐 가지 못하게 지켜보고 있었을 뿐이에요.
そうだなあ、あいつらから一目を置かれる方法を教えてやろう	그래, 저 녀석들에게 인정받는 방법을 가르쳐 주지.
タイムズスクエアまで行って戻る いいな?よーいスタート!	타임스 스퀘어까지 갔다 오는 거야. 알았지? 준비, 출발!
この国にいるとおかしくなりそうだ 日差しが強すぎる	이 나라에 있으면 미칠 것 같아. 햇볕이 너무 강해.
ただのレンタルだって言うからやるべきことはやっといたさ	그냥 빌린 거라길래 할 일은 해 뒀지.
アップグレードは馬鹿高いからな次の仕事は成功させないと	업그레이드는 엄청 비싸니까 다음 일은 성공시켜야 해.
あのお菓子の服に惑わされるなよ あんなのコケオドシだ	저 이상한 옷에 속지 마. 겁주려는 것뿐이야.
必要とあらば私の命令のもと 私と共に死んでもらう	필요하다면 내 명령에 따라 나와 함께 죽어 줘야 한다.
そしてこの世に必要なのは栄養と技だけだということを	그리고 이 세상에 필요한 것은 명예와 기술뿐이라는 것도.
サインもらえないか?ああ、子供にね…え、え、頼むよ	사인 받을 수 있을까? 아, 애한테 주려고... 응, 부탁해.
親父の車配着したらさ 未だに盗まれたと思ってんだぜ	아버지 차를 좀 빌렸더니 아직도 도둑맞은 줄 아셔.
我々は、お前のような行物と戦うためだけに鍛えてきた	우린 너 같은 비겁한 놈과 싸우려고 수련해 왔다.
女の意見なんか知るか、こいつこそ俺の一応だったぜ!	여자가 뭐라든 알 게 뭐야. 이게 내 가장 좋은 옷이라고!
そのぶら下がるよ 今日見た者の中で一番だせよ	그 매달린 꼴이 오늘 본 것 중 가장 촌스럽다.
うーんと、そうだ! あんたのファンクラブを作るよ!	음, 그래! 당신 팬클럽을 만들게!
あの間抜けな服に惑わされるなよあんなのこけお土地	저 우스꽝스러운 옷에 속지 마. 겁주려는 것뿐이야.
この国にいると気が狂いそうだ! 膝が強すぎる!	이 나라에 있으면 미칠 것 같아! 햇볕이 너무 강해!
あのコスチューム実際に見ると 本当に丸毛だな	저 복장, 실제로 보니까 정말 우스꽝스럽네.
26歳の若さ、完璧な装備!この俺に任せてくれ!	스물여섯의 젊음, 완벽한 장비! 이 몸에게 맡겨 줘!
スーパーヒーローと戦うなんてもうゴリゴリだ!	슈퍼히어로와 싸우는 건 이제 질색이야!
コスプレしなくたってできるままできるんで	분장을 안 해도 할 수 있는 건 할 수 있어.
もう勘弁してくれよ! 使いこつが悪いちまうよ!	제발 그만해! 머리통이 깨지겠어!
すぐに戻ってくるさいいか? よーいスタート!	금방 돌아올 거야. 알았지? 준비, 출발!
それじゃあ、行くぞ行か! よーい、スタート!	그럼 간다. 준비됐어? 준비, 출발!
ロミータジョンさん、456だ! 応援を頼む!	로미타 순경 456이다! 지원 바람!
警察措置はわからんな そんな服を着る必要が?	경찰로서는 이해가 안 되는군. 그런 옷을 입을 필요가 있나?
おいおい、この見下げを当てた馬鹿は何なんだ?	어이, 이 한심한 바보는 뭐야?
ロミータジェンサー456だ! 応援を頼む!	로미타 순경 456이다! 지원 바람!
ヘラヘラを笑ってねえで!あの虫ケラを潰せ!	실실 웃지 말고 저 벌레를 짓밟아!
プロの腕を見せてやれ!速攻で片付けるぞ!	프로의 실력을 보여 줘! 단숨에 끝낸다!
あれ、スパイダーマンか?それとかターボか?	어, 스파이더맨이야? 아니면 터보야?
時計弾きどりめ! これ以上問題を増やすな!	자경단 행세꾼! 더는 문제를 만들지 마!
うっへっ、お前なんかの無視だっけ!	헤헤, 넌 무슨 벌레였더라?
うわっそいち! 誰だよ! 今、兵庫居たの!	으악, 최악이야! 누구야, 방금 방귀 뀐 사람!
ウホーでも書いてやって、さっさと行くか!	묘비명이라도 써 주고 얼른 갈까!
その押し潰されそうな気分 それが敗北感だ	그 짓눌릴 것 같은 기분, 그게 패배감이다.
いや、だから足を中見る者じゃないだろ!	아니, 그렇게 자주 보는 건 아니잖아!
俺はクレイブンを探し出して 結婚するよ	난 크레이븐을 찾아내서 결혼할 거야.
えっと へっとだよ 眠くてしょうがねぇ	완전히 녹초야. 졸려서 못 견디겠어.
たちに求めるのは私への完全なる復讐	내가 너희에게 요구하는 건 완전한 복종이다.
オリー、お前はあそこで負けて当然だ	올리, 네가 거기서 진 건 당연해.
オリー お前はあそこで負けて当然だ	올리, 네가 거기서 진 건 당연해.
フフッ! 気に上がれパジャマやろう!	후훗! 죽어라, 잠옷 자식!
新聞見せてくれよ 経費が気になってさ	신문 좀 보여 줘. 경마 결과가 궁금해서.
スパイダーマン、宮戸聞いていいかな?	스파이더맨, 이메일 주소 물어봐도 돼?
不法でも書いてやってさせたと行くか!	묘비명이라도 써 주고 얼른 갈까!
母標でも書いてやってさせたと行くか	묘비명이라도 써 주고 얼른 갈까.
あ! えっと! 給営を呼んでくれ!	아! 저기! 구조대를 불러 줘!
うわっ!最低!誰だよ!今平行だろ!	으악, 최악이야! 누구야, 방금 방귀 뀐 사람!
つまりカズドは俺たちってことだ!	그러니까 우리가 이긴다는 거야!
警報が見つからないんだどうしよう	경찰봉이 안 보여. 어쩌지?
ほんとに、ほんとに! ありがとう!	정말, 정말 고마워요!
うわ、デッコ順座だ! 撃たれた!	으악, 디트코 순경이다! 총에 맞았다!
今夜のバトルは営業決定だな、おい	오늘 밤의 싸움은 영화로 만들어도 되겠는데.
今夜のバトルは映画が決定だなおい	오늘 밤의 싸움은 영화로 만들어도 되겠는데.
あの女、俺を譲ろうとしてるのかも	그 여자가 날 협박하려는 건지도 몰라.
精神したらあの新しい車を買うんだ	승진하면 그 신형 차를 살 거야.
ほんとに…ほんとに…ありがとう…	정말... 정말... 고마워요...
じゃあ、クリケットじゃね、ツノ!	이건 크리켓이 아니라고!
別れよ、そうすれば追って怒るね!	흩어져! 그러면 쫓아오지 못할 거다!
ちゃっ、クリケットじゃねえつの	이건 크리켓이 아니라고!
いい影にしないと引っ張ったくよ	적당히 안 하면 한 대 때릴 거야.
ち、死にやがれ!キモメイヤラ!	주, 죽어라! 기분 나쁜 놈!
不法でも書いてさせたと行くか!	묘비명이라도 써 주고 얼른 갈까!
わかるか?奴がいかに無様な男か	알겠나? 놈이 얼마나 한심한 사내인지.
ちょっと、ちょっとタイムこんな	잠깐, 잠깐만! 타임!
デッコ純さだ!打たれた!いや、	디트코 순경이다! 총에 맞았다!
スパイダーマンだってバカだ	스파이더맨이라고? 말도 안 돼!
不法でも書いてさせたと行くか	묘비명이라도 써 주고 얼른 갈까.
全部食べなきゃよかった	다 먹지 말걸 그랬어.
ジープ部隊ビクタータンウェ	지프 부대, 빅터 탱고로 이동하라.
ッッッ勝ったばっかりだぞ!	산 지 얼마 안 됐다고!
なあ、遥くって、すごいよなあ	야, 헐크는 굉장하지 않냐?
がさハークネスの方が早いぞ!	아가사 하크니스도 너보단 빠르겠다!
はっはは ああ そういうこと	하하하, 아, 그런 거구나.
かかってこい、お首をものめこ	덤벼라, 겁쟁이 자식!
くっしゃ! もうたくせんで!	젠장! 이젠 지긋지긋해!
死にあがれ!キモメンやろう!	죽어라, 기분 나쁜 놈!
だち誰だか知ってんだろうな!	우리가 누군지는 알고 있겠지!
アルティネツ!早く来てくれ!	얼티미츠! 빨리 와 줘!
おい!やられた!おい!って!	야! 당했어! 야, 듣고 있어?
あースパイダーも…すげーな	아, 스파이더맨... 굉장하네.
らこんなところで何してんだ?	우리가 이런 데서 뭘 하고 있는 걸까?
乱暴はやめてくれ、俺がいた	난폭하게 굴지 마. 부탁이야.
聞きやがれ!パジャマやろ!	죽어라, 잠옷 자식!
ちがでるのか、こいつはいい	피가 나는군. 잘됐어.
おい、やられた!おいって!	야, 당했어! 야, 듣고 있어?
だから、亀は嫌いなんだよ。	이래서 거북이는 싫다니까.
人がどういう音気にしないよ	남들이 뭐라고 하든 신경 안 써.
めちゃくちゃに居られてる!	우리가 완전히 당하고 있어!
あんめやろ、なんでもないぜ	저런 놈은 별거 아냐.
っぷりをお見舞いしてやる	실컷 먹여 주마!
世の中どうしてもったんだ	세상이 어떻게 된 거야?
きどりあがってタイコだ!	잘난 척은! 체포하겠다!
ここは私が生したようだな	여기는 내가 제압한 것 같군.
ありがとう!ありがとう!	고마워요! 고마워요!
貴様はおしまいなんだよ貴	넌 이제 끝장이야.
おいやられた!おいって!	야, 당했어! 야, 듣고 있어?
ゲキスを味合わせてやれ!	끔찍한 고통을 맛보게 해 줘!
このカバンなんかに用うわ	이 가방, 뭔가 냄새가 나는데.
おい、やられた、おいって	야, 당했어! 야, 듣고 있어?
楽しませてもらおうか今日	한번 즐겨 볼까?
だからカメは嫌いなんだよ	이래서 거북이는 싫다니까.
きどりあがって大歩だ	잘난 척은! 체포하겠다!
時な! 車を頂いてくぜ!	비켜! 차는 내가 가져간다!
が、踏んだり蹴ってるだ	정말, 엎친 데 덮친 격이네.
ああ、ああ、まったくよ!	아, 정말이지!
うぅぅ…者はいないのか!	으으... 의사 없나!
ボスに何個せつけられでさ	상사가 트집을 잡더라고.
ちょっと興奮しちゃった	좀 흥분했네.
ボスに何個せつけられたさ	상사가 트집을 잡더라고.
だからカメは嫌いなのよ	이래서 거북이는 싫다니까.
これしか会うのがないの	맞는 게 이것뿐이야.
これしか会うのがない?	맞는 게 이것뿐이야?
やめて、痛いでぞ!あ!	그만해, 아프잖아! 아!
こぞみ!なんて速さだ!	꼬마 녀석, 엄청나게 빠르군!
なんだこれは!これは、	뭐야, 이건! 이건...
あんなやろ何でもないぜ	저런 놈은 별거 아냐.
フッ!俺に任せたわけ!	훗! 내게 맡겨!
フレーサイフあげるから	자, 지갑 줄 테니까.
ー!その人を捕まえて!	저 사람 잡아 줘!
やーしみるじゃねーか!	야, 따갑잖아!
これでどっかんだ!ハッ	이걸로 꽝이다! 하!
だから亀は嫌いなんだよ	이래서 거북이는 싫다니까.
これしか会うのがない。	맞는 게 이것뿐이야.
チェー!外したかい!	쳇! 빗나갔군!
ああ、聞いてきたな?	아, 효과가 나타나기 시작했군?
なんだあの危ねいやつ	저 위험한 놈은 뭐야?
じゃあ合流地点でここ	그럼 합류 지점에서 보자.
じゃあ、合流地点でマ	그럼 합류 지점에서 보자.
たちにはヘドが出る!	너희는 구역질이 나!
いいモル買っちゃった	좋은 물건을 샀지.
歩くってすごいわよね	헐크는 굉장하지 않니?
オリ!オリ!ふせろ!	야! 야! 엎드려!
もぉに本物だのか?	정말 진짜인가?
お、おい何をするな!	야, 뭐 하는 거야!
から俺も有名人で	오늘부터 나도 유명 인사야.
あいつの首を取った奴には10ポイント加算だ!	놈의 목을 따는 녀석에게 10점 추가다!
お見舞いしやれ	한 방 먹여 줘!
この減らず口は何もんで	이 건방진 놈은 대체 뭐야?
うそ、あいつ?	말도 안 돼, 저놈이?
ー!乱暴はやめて、お願い!	난폭하게 굴지 마, 제발!
早く来い	빨리 와!
撃てー!	쏴!
どかんだ!	꽝이다!
そこだ!	저기다!
いけるぞ	할 수 있어!
燃えろー	타 버려라!
撤収した方が	철수하는 게...
化け物!	괴물!
おいあれ、スパイダーマンか?ネイモリータか?	야, 저거 스파이더맨이야? 네이모리타야?
こんなの、予定と違うぞ!	이건 계획과 다르잖아!
たわけたこと!	어리석은 짓을!
ひざまづけ!	무릎 꿇어!
なんだこれは!	뭐야, 이건!
ねえ!しみるじゃねえか!	야! 따갑잖아!
体をヘッシュおってやれ!	몸을 부러뜨려 버려!
な、なんだこりゃ!	뭐, 뭐야, 이건!
これが、例のやつだ!	이게 그 녀석이야!
しっかり捕まってろー!	꽉 잡아!
ちょ、ちょっと、タイム	자, 잠깐만! 타임!
あれ、もう壊れた	어라, 벌써 망가졌네.
コスプレ野郎だ!	분장한 놈이다!
司令部、援護を頼む!	사령부, 엄호 바람!
っていうか	그런데 말이야...
見えない	안 보여!
ーっていうか	그런데 말이야...
ーしみる	따가워!
あのマスクをー!	저 가면을...!
マスク?	가면?
えこれがそのそいつさ	그래, 이게 그 녀석이야.
いいね	좋네.
かかれ!	공격해!
訴えてやる!	고소할 거야!
外した!	빗나갔어!
なんだよお前ら、しっかりしろよ!	뭐 하는 거야, 너희들! 정신 차려!
殺せ!潰せ!	죽여! 짓밟아!
ていうか	그런데 말이야...
来てみやがれ!	어디 와 봐!
出ろ!	나와!
やられた!やられた!	당했어! 당했다고!
離脱しろ!早く!	이탈하라! 어서!
どこに?	어디에?
命中だ!	명중이다!
これじゃ銃が使えねえ	이래선 총을 못 쓰잖아!
まずい、来やがったぞ	큰일이다, 놈이 왔어!
お前ら、死ね!	너희들, 죽어라!
おい、みんな!	야, 얘들아!
行くぞ	간다!
ダメ	안 돼!
死ね!	죽어라!
退避!	대피하라!
いやよ!	싫어!
くそー!	젠장!
だ…だめ	아... 안 돼.
だめだ!	안 돼!
まいった	항복이야.
まだいる	아직 있어.
伏せてろ	엎드려 있어!
死ねー!	죽어라!
退避ー!	대피하라!
ありがとう	고마워요.
ありねえよ	말도 안 돼.
うぅ、痛い	으, 아파.
まあまあ…	진정해...
を伏せろ!	엎드려!
クモ野郎だ	거미 자식이다!
ドカンだ!	꽝이다!
絶好調だ!	아주 좋아!
黙ってろ!	입 다물어!
け、蹴るな!	차, 차지 마!
こ、こんな!	이, 이럴 수가!
こ、こんな…	이, 이럴 수가...
さあ、引け。	자, 물러나.
やつだけだ!	놈뿐이야!
乱暴しないで	난폭하게 굴지 마!
全員伏せろ!	전원 엎드려!
気をつけてよ	조심해!
あれを見て!	저것 좀 봐!
こうやるんて!	이렇게 하는 거야!
せーの、早く!	하나, 둘! 빨리!
はっ、KOだぜ	하, KO다!
ぼこってやれ!	흠씬 패 줘!
もう、潮時だな	이제 물러날 때군.
や、やめろー!	그, 그만해!
全員早くどけ!	전원 빨리 비켜!
報いを受けろ!	대가를 치러라!
ああこうやるんだ	아, 이렇게 하는 거야.
いやよ、やめて!	싫어, 그만해!
だから言ったろ?	그러니까 말했잖아?
はっ!驚いたか!	하! 놀랐냐!
キルショットだ!	치명타다!
大したことねえよ	별거 아니야.
目標確認、たぶん	목표 확인. 아마도.
見ろ、飛んでるぞ	봐, 날고 있어!
こちらの数が上だ!	우리 쪽이 수가 더 많아!
今のは聞いただろう	방금 건 제대로 먹혔겠지.
我々には栄誉がある	우리에게는 명예가 있다.
あいつに言ったっけ?	그 녀석한테 말했었나?
お願い誰か助けてー!	제발 누가 좀 도와줘!
か、完全にありえねぇ	저, 전혀 말도 안 돼!
くそー、赤っバジだ。	젠장, 완전히 망신당했네.
ちょっといい加減に!	좀 적당히 해!
ねぇ、乗せてってよ!	야, 나도 태워 줘!
ショウに遅れちゃう!	공연에 늦겠어!
下がれと言っただろ!	물러나라고 했잖아!
今度は、な、何だよ!	이번엔 뭐, 뭐야!
見えない、あ、ああ!	안 보여, 아, 아아!
ああ、負けると腹が立つ	아, 지면 화가 나.
あの虫けらを排除せよ!	저 벌레를 제거하라!
いけ!スパイダーマン!	가라! 스파이더맨!
ゴミめ!地面に伏せろ!	쓰레기 자식! 바닥에 엎드려!
マスクやろうめ覚悟しな	복면 자식, 각오해라!
お前みたいのに用はない!	너 같은 놈한테 볼일 없어!
この減らず口は何もんで	이 건방진 놈은 대체 뭐야?
はぁ、命中だ!	하, 명중이다!
勝利!	승리!
どこへ行きやがった?	어디로 간 거야?
なあ、びびった	야, 놀랐어.
へえしょ恐怖症なんだ	난 폐소 공포증이 있어!
焼き打ちだ	불태워 버려!
ぶっ壊せ	부숴 버려!
弱ってきたな、カスメ	힘이 빠졌군, 쓰레기 자식.
やだ、頼むよ	싫어, 부탁이야.
お家へ帰らせて	집에 가게 해 줘.
来るなー!	오지 마!
離せ!	놔!
これまで何人がこの剣に倒れたか向かってきた数だけ切った	지금까지 몇 명이나 이 검에 쓰러졌을까. 덤벼든 만큼 베었다.
いやだ、頼むよ!	싫어, 부탁이야!
い、何やってるんだ?	뭐, 뭐 하는 거야?
痛い!なんだよ、お前!	아파! 뭐야, 너!
パパ!	아빠!
むらくそ悪いぜ	기분 더럽군.
ー一人やられた	한 명 당했다!
どうやらこいつは殴られたいらしい	아무래도 이놈은 맞고 싶은 모양이군.
行けー	가라!
すげーな	굉장하네.
やめろ	그만해!
逃げなきゃ	도망쳐야 해!
あんたの柄のパジャマ持ってるんだよ!	당신 그림이 있는 잠옷을 갖고 있어요!
集まれ!	집결하라!
落ち着け!	진정해!
目標は、航空支援領域内!	목표, 항공 지원 구역 내!
なんなの?	뭐야?
痛っ!やられた!	아야! 당했어!
一発目!	첫 발이다!
最高の休暇になったわ!	최고의 휴가가 됐네요!
何だ、あれは!	뭐야, 저건!
やるな!	제법이군!
何だ、これは!	뭐야, 이건!
頭を上げるな	머리 들지 마!
出るぞ! 撤収!	나간다! 철수!
おい! 気をつけろ!	야! 조심해!
これ意外にスカッとするな	이거 의외로 후련하네.
頼む! やめてくれ!	부탁이야! 그만해!
銃だ! 構えて撃て!	총이다! 조준하고 쏴!
カリカリに焼いてやる!	바싹 구워 주마!
気をつけろ!	조심해!
うわっ! 伏せろ!	으악! 엎드려!
まずい!	큰일이다!
みんな伏せろ!	모두 엎드려!
ちょっと!本気でやってるの!?	잠깐! 진심이야?!
伏せろー!	엎드려!
みんな逃げようぜ	다들 도망가자!
ああ早い	아, 빠르네!
