いいぞみんな	좋아, 다들 잘하고 있어!
はぁ、そう来たかい	아, 그렇게 나오시겠다?
乗せてよ!早く!	태워 줘! 빨리!
お前こっち来い!	너, 이리 와!
わかった!	알았어!
おい!気ぃつけろ!	이봐! 조심해!
何しやがる!	뭐 하는 짓이야!
お前のパパ誰だよ?	너희 아빠가 누구냐?
この世の終わりだー!	세상이 끝장났어!
失礼ぇぇぇぇ!!	실례합니다!
攻撃目標補足	공격 목표 포착.
じゃあ合流地点で	그럼 합류 지점에서 보자.
なあ、頼むよ	제발, 부탁이야.
なぁ頼むよ!	제발, 부탁이야!
な、頼むよ	제발, 부탁이야.
ま、なんてこと?	어머, 이게 무슨 일이야?
戦闘は延期!	전투는 나중으로 미루자!
俺が嘘つきだとでも	내가 거짓말한다는 거야?
さすがね、スパイダーマン	역시 스파이더맨이야.
むかつくぜ!	열받네!
さっさとずらかるぜ	얼른 튀자!
ナイスだぜー!	잘했어!
いけー!	가라!
試合に遅れちゃう	경기에 늦겠어.
全員下がれ!	모두 물러서!
無線だ!援護を呼べ!	무전 쳐! 지원을 요청해!
このインチキやろうが	이 사기꾼 자식!
いいから逃げよ!	잔말 말고 도망쳐!
俺の知ったことではない	내가 알 바 아니야.
もう一発行こうか?	한 방 더 먹여 줄까?
いいかげにしてくれよ	이제 그만 좀 해.
いってぇー	아야!
あ、まずい	아, 큰일이다.
倒せー!	쓰러뜨려!
嫌われてるのね	미움받는구나.
これ兄さんの車なの	이거 오빠 차란 말이야!
ま、まずいな!	이, 이거 큰일인데!
いかれてやがる	미쳤군.
やれるね?	할 수 있지?
ドロボが逃げちゃう!	도둑이 도망가잖아!
今のはヤバかったな!	방금은 위험했어!
おかしくなっちゃったみたい!	미쳐 버렸나 봐!
そいつ聞いたことがねぇな	그런 얘기는 처음 듣는데.
痛ぇよぉ!	아프다고!
え、もういいだろ?	이, 이제 됐잖아?
頭おかしい?	너 제정신이야?
近づいたら訴えてやる	다가오면 고소할 거야!
ああ!どうした!	아! 무슨 일이야!
どうだいヒーローさんよ	어떠냐, 영웅 나리?
さぁ、かかってこい!	자, 덤벼 봐!
クソもうたくさんだ	젠장, 이제 지긋지긋해!
ぶちのめす!	박살 내 주마!
取れないのか?	이거 못 떼어 내나?
驚いたか!	놀랐냐!
このバカを見ろよ	이 멍청이 좀 봐.
車線を開けろ!	차선을 비워!
あ、なんだ!?	아, 뭐야!?
あのくそがー	저 빌어먹을 자식!
タッチダウン!	터치다운!
しっかり捕まってろ!	꽉 잡고 있어!
幸運を祈るよ!	행운을 빌어!
いやいや無理だ	아냐, 아냐. 무리야.
殺せー!	죽여!
用意はいいかー?	준비됐냐?
食らえマスクやろう	받아라, 복면 자식!
食らえマスク野郎	받아라, 복면 자식!
降りろ、早く!	내려, 빨리!
また遅刻かー!	또 지각이야!
このクズが…	이 쓰레기 자식...
誰だあいつ	저 녀석 누구야?
当たってくれー!	제발 맞아라!
誰かやめさせて!	누가 좀 말려 줘!
お前たち見てるな	너희, 보고만 있지 마!
オラ来るんだ!	어서 이리 와!
こいつが見えるか!	이게 보이냐!
俺が誰か知ってるだろ!	내가 누군지 알잖아!
映画に遅れちまう!	영화에 늦겠어!
落ちるのは嫌だよ!	떨어지긴 싫어!
なにをする!?	뭐 하는 거야!?
なんだこれ!?	이게 뭐야!?
これも仕事なんでな	이것도 일이라서 말이야.
助けてくれー!	살려 줘!
もういいだろう!	이제 됐잖아!
はぁ!こいつはいいや!	하! 이거 괜찮은데!
クソ!速すぎる!	젠장! 너무 빨라!
クソ!早すぎる!	젠장! 너무 빨라!
ふせろ早く	엎드려, 빨리!
ハロウィンには早くね?	핼러윈은 아직 멀지 않았나?
とにかく攻撃し続けろ	일단 계속 공격해!
俺知らねぇのか?	나 몰라?
ちゃんとやるよ	제대로 할게.
何もしてないって…	아무 짓도 안 했다니까...
な、何しやがる?	뭐, 뭐 하는 짓이야?
おーすごいな!	오, 대단한데!
またあいつらね?	또 저 녀석들이야?
またアイツらね	또 저 녀석들이네.
仕事に遅れちまう	일에 늦겠어.
はやすぎる!	너무 빨라!
みんな!気をつけろ!	다들 조심해!
あ行くわよ	자, 갈게!
あんたすげーや!	당신 대단한데!
あなた最高よ!	당신이 최고야!
ど…どこに?	어... 어디로?
スパイダーマン助けて!	스파이더맨, 도와줘!
楽勝だな!	식은 죽 먹기군!
ああ、やめろー!	아, 그만둬!
うわぁ、来た!	으악, 온다!
今のはどうだ?	방금 건 어때?
あ、無理だ	아, 안 되겠어.
その人捕まえて!	그 사람 잡아 줘!
それって泥棒じゃない	그거 도둑질이잖아!
ちくしょー	젠장!
落ち着けー	진정해!
聴いてるのかー?	듣고 있냐?
ピーター!	피터!
車は借りてくよ!	차 좀 빌릴게!
貴様何者だ!	넌 대체 누구냐!
今だー!	지금이다!
大したことはないな	별것 아니군.
お前を切り刻んでやる	갈기갈기 찢어 주마!
攻撃命令を待て!	공격 명령을 기다려!
そろそろとどめか	슬슬 끝장을 내 볼까.
痛めつけてやれー!	혼쭐을 내 줘!
攻撃成功!	공격 성공!
目標に命中	목표 명중.
誰か軍を呼んで!	누가 군대 좀 불러 줘!
あんたは真の男だ	당신은 진짜 사나이야.
そうこなくちゃね?	그래야지!
外したか	빗나갔나.
ボコボコにしてやるぜ!	흠씬 두들겨 패 주마!
何するつもりよ	무슨 짓을 하려는 거야?
アジトで合流だ!	은신처에서 합류하자!
貴様何者なんだ	넌 대체 누구냐?
会議に遅れるだろ	회의에 늦잖아!
こんなとこまっぴらだ!	이런 곳은 질색이야!
むなクソ悪いぜ!	기분 더럽군!
いつでも、来い!	언제든 덤벼!
いつでも来いよ	언제든 덤벼!
友達に言わなくちゃ!	친구한테 말해야겠어!
じゃ合流地点で!	그럼 합류 지점에서 보자!
絶対やれるって	분명 할 수 있어.
一体どうなってんの?	대체 어떻게 된 거야?
パーカーはころすなよ	파커는 죽이지 마라.
もう一発!	한 방 더!
いいなぁ!	좋겠다!
金でなんとかしろ!	돈으로 해결해!
もっと苦しめ	더 고통받아라!
そんなバカな!	말도 안 돼!
デートに遅れちまう	데이트에 늦겠어.
しっかり捕まって!	꽉 잡아!
あいつ嫌われてるねー	저 녀석 미움받는구나.
いい恥さらしだ!	망신 제대로 당하는군!
これは戦争だ	이건 전쟁이야.
こいつは俺のもんだ!	이건 내 거야!
彼女言ってなかったけど	그 여자는 그런 말 안 했는데.
むくいを受けろ!	대가를 치러라!
システムオーバーライド!	시스템 제어권 강제 전환!
おい、何をするんだ	이봐, 뭐 하는 거야?
もうやめてくれ!	제발 그만해!
こいついったい何者だ!	이 녀석 대체 뭐야!
誰かあれが見えるか?	저거 보이는 사람 있나?
もうやめだ!	이제 그만두겠어!
もう一発行くぜ!	한 방 더 간다!
ふん、やるな	흥, 제법인데.
なんて屈辱だ!	이런 굴욕이!
やつを殺せー!	저 녀석을 죽여!
燃えろー!	타 버려라!
目視で確認しました	육안으로 확인했습니다.
やってやろうじゃねーか	어디 한번 해 보자고!
あんた何様だってんだ!	네가 뭔데 이래!
どこから入ってきた	어디로 들어온 거야?
口先やろうがー	말만 번지르르한 자식!
なんて大きさだ	엄청나게 크군.
えっと…	그러니까...
ほら、武器は捨てるよ!	자, 무기 내려놓을게!
今度は何だよ!	이번엔 또 뭐야!
へえ、ちょっと待ってくれ	어, 잠깐만 기다려.
はるくってすごいわね	헐크는 정말 대단하네.
やってやれー!	혼내 줘!
早く離れよっと	얼른 멀리 가야지.
痛いじゃないの!	아프잖아!
まずい…	큰일인데...
えぇ無理だ!	안 돼, 무리야!
やつは使えるよ	저 녀석은 쓸 만해.
だから言っただろ?	내가 말했잖아?
あとは大丈夫よ!	이제 괜찮아!
さっさと消えろ!	당장 꺼져!
おい!みんな!	이봐! 다들!
他の連中はどうした	다른 녀석들은 어떻게 됐지?
ぶち殺す!	죽여 버리겠어!
今の何なんだ!	방금 그게 뭐야!
しおどきだな	물러날 때로군.
痛いぜー!	아프다고!
みんな、撤収だ!	모두 철수해!
なんだこりゃ!	이게 뭐야!
こいつを見ろよ!	이것 좀 봐!
顔に何かついてる!?	얼굴에 뭐 묻었어!?
逮捕しろー!	체포해!
正気か!	제정신이야!
ママ…	엄마...
航空支援、実行中	항공 지원 실시 중.
犯人は追跡中、	범인 추적 중.
あんたも見たよな!	너도 봤지!
なんてこった…	이럴 수가...
うわぁ、やられた!	으악, 당했어!
お見舞いしてやれ!	한 방 먹여 줘!
どこ行きやがった?	어디로 간 거야?
誰か助けてくれ	누가 좀 도와줘!
俺はもうダメだ!	난 이제 틀렸어!
あんた、最高だぜ!	당신이 최고야!
キグルミじゃなかったのか?	인형 탈이 아니었어?
この馬鹿見ろよ!	이 멍청이 좀 봐!
落ちるのは、嫌!	떨어지긴 싫어!
準備はいいかー?	준비됐냐?
今何をした?	방금 무슨 짓을 한 거야?
くそ、痛いぞ!	젠장, 아프잖아!
もう帰るー	이제 집에 갈래!
倒れてくれ!	제발 쓰러져!
へえ、無理だ	아, 무리야.
おー当たりだ!	오, 명중이다!
もう限界よ!	이젠 한계야!
いやだ	싫어!
頭は下げておけ	고개 숙이고 있어!
うげー!なんだ!	으악! 뭐야!
飛んだ恥をさらしたな	망신 제대로 당했군.
一体どうなってるの?	대체 어떻게 된 거야?
あんたがいて助かったよ	당신 덕분에 살았어.
俺はマジだぜ!	난 진심이야!
都市伝説と思ってた	도시 전설인 줄 알았어.
嫌われてるね	미움받는구나.
あんた最高だな!	당신이 최고야!
速やかに退避	신속히 대피하라.
嘘だろー	거짓말이지!
どうしてこんなことに	어쩌다 이렇게 된 거야?
バカ野郎!邪魔だ!	멍청아! 비켜!
目標攻撃完了!	목표 공격 완료!
叩きのめしてやる!	뭉개 버리겠어!
痛ぇぇな!	아프잖아!
お家へ帰らせて!	집에 보내 줘!
いいもの買ったぜ!	좋은 물건 샀어!
こいつは悪夢だ!	악몽이 따로 없군!
こちらは543だ!	여기는 543이다!
伝説じゃなかったのか?	전설이 아니었어?
まずいー!	큰일이야!
