痛い...	아파...
やれるな	할 수 있지?
パパに言わなくちゃ。	아빠한테 말해야겠어.
俺から離れてろ!	나한테서 떨어져!
この野郎!	이 자식!
倒れろよ	쓰러져!
また遅刻だわ!	또 지각이네!
目標に目中!	목표에 명중!
倒せ!	쓰러뜨려!
こいつ見ろよ	이 녀석 좀 봐.
武装していない!	무장은 안 했어!
応援を頼む!	지원 요청!
まずいなぁ	큰일인데.
さあカカって来い!	자, 덤벼!
なんだこれは!	이게 뭐야!
終わらせてやる!	끝내 주마!
腹へったぞ	배고파!
目中だ	명중이다!
さあかかってこい!	자, 덤벼!
ああ、神様!	아, 맙소사!
何するのよ!	뭐 하는 거야!
やれー!	해치워!
俺に任せておけ	나한테 맡겨.
あいつ何来てるんだ?	저 녀석 뭘 입은 거야?
見つかる前に急げ!	들키기 전에 서둘러!
走って!	달려!
頼むからやめてくれ!	제발 그만해!
いったいどうなってるんだ?	대체 어떻게 된 거야?
俺は降りるぜ	난 빠질래.
くずミュウタントめ	쓰레기 같은 뮤턴트!
くずミュウタントメ!	쓰레기 같은 뮤턴트!
何もしてないって	아무 짓도 안 했다고!
なんてこった	이럴 수가.
これだよ、これ!	바로 이거야!
てしゅうだー!	철수하라!
引っ込んでて	빠져 있어.
誰だい!	누구야!
伏せろ!もう!	엎드려! 정말!
いけてる	멋진데.
こんなバカな!	말도 안 돼!
恐ろしいミュウ担当め!	무서운 뮤턴트 놈!
徹収だー!	철수하라!
さっさと降りろ!	빨리 내려!
目が…	눈이...
また遅刻か…	또 지각인가...
こんな馬鹿な!	말도 안 돼!
なに!	뭐야!
大被!	대피!
いい加減にしてくれよ	이제 그만 좀 해.
もう一発いこうか?	한 방 더 먹을래?
むなくそ悪いぜ!	기분 더럽군!
引っ張らないでくれ!	잡아당기지 마!
何があってもな	무슨 일이 있어도.
一人だけで!	혼자서!
思い知らせてやれ!	본때를 보여 줘!
市民が危険だ	시민들이 위험해.
こいつは無理だ!	이건 무리야!
弁護士呼んでやる。	변호사 부를 거야.
倒すんだ	쓰러뜨려!
目視確認	육안으로 확인.
準備完了	준비 완료.
攻撃続行!	공격 계속!
目標破壊せよ!	목표를 파괴하라!
目標射程内	목표가 사정권 안에 있다.
買ったばかりだぞ!	산 지 얼마 안 됐다고!
勝ったばかりだぞ!	산 지 얼마 안 됐다고!
ドカンと行くぜ	화끈하게 간다!
そう来なきゃな	그래야지.
一番乗りは俺だ!	내가 일등이다!
倒す!	쓰러뜨린다!
信じられない…	믿을 수 없어...
いったいどうなっちまってるんだ?	대체 어떻게 된 거야?
どこから入ってきた?	어디로 들어왔어?
やったー!	해냈다!
警報は?	경보는?
なんだってんだよ!	대체 뭐라는 거야!
…嘘だろ!	거짓말이지!
やれ!	해치워!
まだまだ…	아직이야...
このクズが!	이 쓰레기!
またあいつらだ	또 저놈들이야.
ガキをつまみ出せ!	꼬맹이를 끌어내!
思い知らせてやる!	본때를 보여 주마!
しっかりやれ!	제대로 해!
…早く来い!	빨리 와!
ちょっと待て	잠깐 기다려.
くせろ!	엎드려!
用尽しろよ!	조심해!
名誉の死を与えてやろう	명예로운 죽음을 선사하마.
射線を開けろ!	사선을 비켜!
ガキをつまみだし!	꼬맹이를 끌어내!
ふせろ!	엎드려!
ぶち殺してやる	죽여 버리겠어!
準備はいいか?	준비됐나?
攻撃開始!	공격 개시!
っかり捕まって	꽉 잡아!
銃が見えないのか?	총이 안 보여?
システムオフライン!	시스템 오프라인!
これでも食え!	이거나 먹어라!
爆発注意!	폭발 주의!
こんな屈辱!	이런 굴욕을!
もう最高	정말 최고야.
誰かそいつを!	누가 저놈 좀!
どうやってかわした	어떻게 피한 거지?
今のは痛かったぞ!	방금 건 아팠어!
パワーが落ちてきたぜ	힘이 떨어지는군.
システム停止!	시스템 정지!
情報を提示せよ	정보를 제시하라.
こいつ早いよ	이 녀석 빠른데!
何してるんだ!	뭐 하는 거야!
やってやろうじゃないか	어디 해 보자고!
右	오른쪽!
どかんだ!	쾅이다!
ドガンだ!	쾅이다!
甘く見るなよ!	얕보지 마!
どうしてこんなことに?	어쩌다 이렇게 됐지?
システム破損!	시스템 파손!
早い…	빨라...
ママ?	엄마?
殺してやる!	죽여 주마!
ハメられたか?	함정이었나?
だから言っただろ	내가 말했잖아.
目標は地上	목표는 지상에 있다.
例を言っておくよ	고맙다고 해 둘게.
撃破!	격파!
この下手れ	이 겁쟁이!
こんな靴弱!	이런 굴욕을!
俺は…	나는...
みんなくせろ!	모두 엎드려!
やつを殺す!	놈을 죽이겠다!
テシューだ!	철수하라!
マスクを外せ!	가면 벗어!
まずい	큰일이야.
いい車だな	좋은 차네.
いい加減にして!	이제 그만해!
逃げなきゃ…	도망쳐야 해...
こうやるんだ	이렇게 하는 거야.
これ、取れないのか?	이거 못 떼는 거야?
市民が危険だ!	시민들이 위험해!
ちっくしょ!	젠장!
停船だ!	배를 멈춰라!
助けてくれエ	살려 줘!
何だこれは!	이게 뭐야!
金はないか!	돈 없어?
何?	뭐?
何のつもりを!?	무슨 짓이야!?
空軍を呼ぶんだ	공군을 불러!
あなたて最高。	당신은 최고야.
一人やられた!	한 명 당했다!
後戦開始!	교전 개시!
交代するんだ!	교대해!
これでドカンだ!	이걸로 쾅이다!
ベノムスーツ発見!	베놈 슈트 발견!
なんてことなの?	이게 무슨 일이야?
死は目前!	죽음이 코앞이다!
スパイダーマン	스파이더맨!
何が起きてるんだ?	무슨 일이야?
後退するんだ!	후퇴해!
どういうことだ?	무슨 뜻이야?
ぶっ殺してやる!	죽여 버리겠어!
車から出な!	차에서 나와!
礼を言っておくよ!	고맙다고 해 둘게!
心地よいな!	기분 좋군!
命令を待て!	명령을 기다려!
目標が上昇!	목표 상승!
どうやってかわした?	어떻게 피한 거지?
早く逃げて!	빨리 도망쳐!
通路を確保しろ!	통로를 확보해!
マップ立つにしてやれ!	두 동강 내 버려!
マップ立てにしてやれ!	두 동강 내 버려!
ここから逃げて	여기서 도망쳐!
俺は本気だ!	난 진심이야!
ちびったわ	지렸어.
まだまだ行くぞ!	아직 끝나지 않았다!
頭下げる!	머리 숙여!
さあ来い!	자, 덤벼!
ちょっと邪魔よ!	거기 좀 비켜!
来ないでー!	오지 마!
早く離れて!	빨리 떨어져!
動作障害発生!	작동 장애 발생!
そりゃドロボーだぞ!	그건 도둑질이잖아!
頑張れよ!	힘내!
圧倒的な損害	피해가 막대하다.
俺の一度るは?	내 1달러는?
お願いやめて!	제발 그만해!
やつを殺せ!	놈을 죽여!
こっちにこさせるな!	이쪽으로 못 오게 해!
覚悟しな!	각오해!
おー来た!	왔다!
嘘つき女め!	거짓말쟁이 년!
嘘つき女べ!	거짓말쟁이 년!
直撃だ!	직격이다!
武器を捨てるんだ!	무기를 버려!
あいつ、早いな!	저 녀석 빠르네!
警察を呼んでくれ	경찰을 불러 줘!
これは兄さんの車なんだ!	이건 우리 형 차라고!
気ぐるみじゃなかったのか	인형 탈이 아니었어?
あっち行け	저리 가!
俺の車…	내 차...
倒せる気がしてきたぜ	쓰러뜨릴 수 있을 것 같아!
おい!来い!	이봐, 와!
聞かない!	안 통한다!
お前たちシャントしろ!	너희들 똑바로 해!
光線開始!	교전 개시!
かゆい	가려워.
目標苦しんでいる	목표가 고통스러워한다.
はめられたか?	함정이었나?
高さんだ!	항복이야!
公産だ!	항복이야!
隠れる場所を探せ!	숨을 곳을 찾아!
ちょっと待ってくれ	잠깐 기다려 줘.
逃げろー	도망쳐!
撤収した方が!	철수하는 게 좋겠어!
かかって来いよ!	덤벼 봐!
喉乾いた!	목말라!
攻撃失敗!	공격 실패!
来るんだ	이리 와!
体をへし寄ってやれ!	온몸을 부러뜨려!
冗談だよな	농담이지?
お前ら、散れ!	너희들 흩어져!
何だそれは!	그게 뭐야!
なあ、落ち着け!	이봐, 진정해!
もう一回やるか?	한 번 더 할까?
打てぇ	쏴!
前だ!	앞이다!
てしゅう!	철수!
一人だけだ!	한 명뿐이다!
やめてったら	그만하라니까!
目標を死にん!	목표를 확인!
さぁ引け!	물러서!
やめろ!もう、	이제 그만해!
こんなとこもうたくさんだ!	이런 곳은 이제 질렸어!
わかったわかった!	알았어, 알았다고!
目標細く!	목표 포착!
ありがとう、スパイダーマン!	고마워요, 스파이더맨!
死にたくなきゃ走れ!	죽기 싫으면 뛰어!
このザコが!	이 피라미!
ギリギザンでやる!	잘게 썰어 주마!
合図したら行くぞ!	신호하면 간다!
どこから現れた?	어디서 나타났지?
嘘つき女目	거짓말쟁이 년!
タイム!	잠깐!
何の冗談だ?	무슨 농담이야?
お前たち見えてるか?	너희도 보이나?
たま切れた!	탄약이 떨어졌다!
いけてるわよ!	멋져요!
何か似合わない?	뭐가 안 어울려?
ほら、あそこ!	저기 봐!
傷つけないでくれよ!	다치게 하지 마!
補足した	포착했다.
出ろ!	나와!
あの子に気がさせないでくれ!	그 애를 다치게 하지 마!
シスタム停止!	시스템 정지!
行け、	가!
目標路上!	목표는 도로 위에 있다!
鉄集!	철수!
サインもらえるかな?	사인해 줄래요?
みんな逃げるぞ!	모두 도망쳐!
こいつ、早すぎる!	이 녀석 너무 빨라!
今のなんなんだ?	방금 뭐였지?
痛い痛いって	아프다니까!
傷つけないでね!	다치게 하지 마세요!
目中だ!	명중이다!
映像に異常発生!	영상에 이상 발생!
落ちる!落ちる!	떨어진다! 떨어져!
アホクセイ!	멍청한 짓이야!
対比!	대피!
やっほー!	야호!
どう?	어때?
痛めつけてやれ!	혼쭐을 내 줘!
見えない!	안 보여!
あきらめな!	포기해!
今のは何なんだ?	방금 뭐였지?
こいつはいただいた	이 녀석은 내가 맡지.
乱暴するな	난폭하게 굴지 마!
来るな来るな	오지 마! 오지 마!
目標未確認!	목표 미확인!
くもやろうだ!	거미 녀석이다!
な、な、何のつもりだ?	무, 무슨 짓이야?
攻撃命令だ!	공격 명령이다!
ひとりだけだ!	한 명뿐이다!
よっしゃー!	좋았어!
くそ!早すぎる!	젠장, 너무 빨라!
バラバラにしてやれ!	산산조각 내 버려!
攻撃準備開始!	공격 준비 개시!
目がー!	눈이!
そのマスクを取れ	그 가면 벗어!
嫌だ!頼むよ!	싫어! 제발!
それでも強いつもりか	그러고도 강한 줄 아나?
アームユニット固称!	팔 유닛 고장!
手を頭にのせろ!	손을 머리 위에 올려!
いいもの買っちゃった	좋은 물건 샀네.
敵接近!	적 접근!
なんなんだよ!	대체 뭐야!
お前何のつもりだ?	너 무슨 짓이야?
やっちまおうぜ!	해치우자!
銃が見えないのか!	총이 안 보이냐!
目標確認	목표 확인.
なんであんなに動けるんだ	어떻게 저렇게 움직이지?
そうこなくちゃ!	그래야지!
敵が接近中!	적 접근 중!
いいねー	좋은데!
あなたて最高!	당신은 최고야!
無理だ!	무리야!
目標細く	목표 포착.
マスクを外せよ	가면 벗어!
最高だぜ	최고야!
目標壁の上!	목표는 벽 위에 있다!
キスしたいくらいだあ	키스라도 해 주고 싶어!
なんだこれや!	이게 뭐야!
ゲキハ!	격파!
くそ!撃たれた!	젠장, 맞았어!
なたすごいわ!	당신 대단해요!
目標を破壊せよ!	목표를 파괴하라!
もう一発行こうか!	한 방 더 먹을래!
ひけ!	물러서!
お前、こっちへ来い!	너, 이리 와!
話してくれ!	놓아 줘!
撤収したほうが	철수하는 게 좋겠어.
手収しよう!	철수하자!
みんな、分かるよな!	다들 알겠지!
目標全身中!	목표 전진 중!
どれ?	어느 거?
ママ	엄마!
しおどきだね!	물러날 때군!
敵全身中	적 전진 중.
あんたはそのままでいい。	당신은 그대로 있어.
くずミュータントメ!	쓰레기 같은 뮤턴트!
なに?	뭐?
なんだ、あれは?	저건 뭐야?
知ったことか?	내가 알 게 뭐야?
あのマスクを奪ってこえ!	저 가면을 빼앗아 와!
こいつはまずい	이거 큰일인데.
めちゃくちゃだ!	엉망이야!
あなた最高ね!	당신 최고예요!
目標を補足!	목표 포착!
なんてこと?	이게 무슨 일이야?
なにをする!	뭐 하는 거야!
もういいだろ?	이제 됐잖아?
お前を逮捕する!	널 체포한다!
今のはどうやったんだ?	방금 어떻게 한 거야?
目標を細く	목표 포착.
離脱しろ!早く!	이탈해! 빨리!
大変!	큰일이야!
やべぇ	위험해.
腕が、	팔이...
すーげー!	대단해!
これ何のジョークだ?	이게 무슨 농담이야?
なんだってんだよ	대체 뭐라는 거야!
こいつ何者だ!	이 녀석 정체가 뭐야!
やられたぁ!	당했어!
こんちくしょう	젠장!
ちょっと、タイム!	잠깐, 타임!
用意はいいか?	준비됐나?
おっといてくれ	내버려 둬!
早すぎる	너무 빨라.
違うだろ	그게 아니잖아.
話して	놓아 줘!
撃てー!	쏴!
オンに切るよ	신세 졌어.
何なんだこいつは?	이 녀석 대체 뭐야?
何とかするんだ	어떻게든 해 봐!
よっしゃ	좋았어!
聞かない	안 통한다.
ここから逃げろ	여기서 도망쳐!
何が起こってんだ?	무슨 일이야?
何てスピードだよ!	엄청나게 빠르네!
壁を狙え	벽을 노려!
引っ張らないで!	잡아당기지 마!
やだやめてくれ	싫어, 그만해!
くそったね	망할!
ああやだ	아, 싫어.
勝ったばかりなのよ!	산 지 얼마 안 됐다고!
一体何だって言うんだ	대체 뭐라는 거야!
頼む!やめてくれ!	제발 그만해!
お前!	너!
そいつを貸せ!	그거 내놔!
なにしやがる!	뭐 하는 짓이야!
武器が壊れた!	무기가 고장 났다!
犯人を追跡中!	범인을 추적 중!
なにするのよ!	뭐 하는 거야!
なに仕上がる?	뭐 하는 짓이야?
俺のイチドルは?	내 1달러는?
うそー	말도 안 돼!
わりにしよう	끝내자.
今の何なんだ?	방금 뭐였지?
いったいどうなってるの?	대체 어떻게 된 거야?
お金ならあるわ	돈이라면 있어요.
俺の一ドルは?	내 1달러는?
どうやって交わした?	어떻게 피한 거지?
単薬を温存しろ!	탄약을 아껴!
ミュータントメ!	뮤턴트 놈!
あなたも見たでしょ?	당신도 봤죠?
よく覚えておくんだな	잘 기억해 둬!
停止だ!	멈춰!
車両は制御不能!	차량 제어 불능!
一人だけだ?	한 명뿐이야?
失敗!	실패!
なんなのよ	뭐야 대체!
何すんのよ!	뭐 하는 거야!
すごいわね!	대단하네요!
本当にありがとう!	정말 고마워요!
凄い!	대단해!
応援もとむ!	지원 요청!
疲れたぜ	지쳤어.
警察を呼ぶわよ	경찰 부를 거야!
イエス!	좋았어!
これはまずいな	이거 큰일인데.
警察を呼んで	경찰을 불러 줘!
燃えろ!	불타라!
シャッターチャンスはまだか?	사진 찍을 기회는 아직인가?
エリアナ用スキャンチュー!	구역 내부 스캔 중!
痛かったら泣いてみろ!	아프면 울어 봐!
ERの順番取っていたよ!	응급실에 자리 잡아 둬!
下がれ!と言ったんだ!	물러서라고 했다!
ダメージオーバーロード!	손상 한계 초과!
行け!スパイダーマン!	가라, 스파이더맨!
よくやったな、スパイダーマン!	잘했어, 스파이더맨!
ディナーに遅れちゃう!	저녁 약속에 늦겠어!
いったいどうなってるんだ!	대체 어떻게 된 거야!
さすがだな、スパイダーマン!	역시 스파이더맨이야!
こいつはもう俺のもんだ!	이건 이제 내 거야!
なんでここにいるんだ?	왜 여기 있는 거야?
それダウンロードしたわ	그거 내려받았어.
友達にも教えておくよ!	친구들에게도 알려 줄게!
ちょっと今考えてるんだ!	잠깐, 지금 생각 중이야!
ナイスセーブだ、スパイダーマン!	멋지게 구했어, 스파이더맨!
こいつでお前もおしまいだろ	이걸로 너도 끝이다!
サインもらって来いよ!	사인 받아 와!
システム障害発生!	시스템 장애 발생!
そろそろ仕上げだ!	슬슬 마무리할 때군!
約束に遅れちまう!	약속에 늦겠어!
抱きしめていいか?	안아 줘도 돼?
聞こえなかったかな?	못 들었나?
死にたくなきゃ急げ!	죽기 싫으면 서둘러!
よって俺が指揮を取る	그러니 내가 지휘한다.
これは何のジョークだ?	이게 무슨 농담이야?
ふせろって言っただろ	엎드리라고 했잖아!
今夜こそは逃さんぞ!	오늘 밤은 못 달아난다!
あいつ何を着てるんだ?	저 녀석 뭘 입은 거야?
ダウンロードしたぞ!	내려받았다!
さっさとやっちまえ!	빨리 해치워!
なんだって言うんだ!	대체 뭐라는 거야!
その女嘘ついてるぞ!	저 여자는 거짓말을 하고 있어!
まずいことになった!	큰일 났어!
ブロックは屋根の上だ!	브록은 지붕 위에 있다!
ハロウィーンには早くね?	할로윈은 아직 멀지 않았어?
お金を取り返したいの	돈을 돌려받고 싶어.
スパイダーマン最高!	스파이더맨 최고!
お前たちにヘドが出る!	너희를 보면 구역질이 난다!
お前たちにはヘドが出る!	너희를 보면 구역질이 난다!
なんであんなに動けるんだ?	어떻게 저렇게 움직이지?
はっは、こいつはいい!	하하, 이거 좋은데!
悪い子には押し置きだ!	나쁜 아이는 벌을 받아야지!
抱きしめていいかい!	안아 줘도 돼!
マップタツにしてやれ!	두 동강 내 버려!
警察は何をしてるんだ?	경찰은 뭘 하는 거야?
誰か警察を呼んでくれ!	누가 경찰 좀 불러 줘!
そんなに音を立てるな!	그렇게 시끄럽게 굴지 마!
恐ろしいミュータントめ!	무서운 뮤턴트 놈!
ママになんて言ったらいいんだ	엄마한테 뭐라고 말하지?
もう何も信じられないよ	이젠 아무것도 못 믿겠어.
誰かアルティメッツを呼んでくれ!	누가 얼티미츠 좀 불러 줘!
こいつおかしいんじゃないのか?	이 녀석 미친 거 아냐?
あんた偽スパイダーマンだろ!	당신 가짜 스파이더맨이지!
