1c57a091	뮤턴트라는 망상은 이제 안녕!
57cd87b4	슬슬 짜증 나는데.
22a9a68b	재빠른 녀석이네.
df41ec74	악당들을 가만두진 않겠어.
6aef6c89	리드 리처즈 과학 센터야.
7e0a55f4	그리고 엉덩방아를 찧었지.
bc50b413	찾았다. 트리스켈리온이야.
5ca74dfe	근시가 나아 버렸어.
4d12a063	너무 오래 붙어 있으면 안 돼.
d5d43950	에디, 부탁이야! 그만해 줘!
0504427f	품 안으로 파고들어도 괜찮겠네.
317bd736	다리가 날아가진 않았겠지?
0a30bbe6	리드 리처즈와 수 스톰은 천재야.
1957c8e0	머리가 전보다 더 가벼워진 거 아니야?
1aa03b48	네놈에겐 정말 정나미가 떨어졌다!
26c08e9b	쏜살같이 달아나는 게 좋겠어.
2bc7bcd2	메리 제인을 진지하게 생각해서 그런 걸까?
4899c4b9	가문의 명예를 되찾으러 왔다!
63762769	조금은 통할 줄 알았는데.
66fceb41	아직 대사 끝나지도 않았거든.
6fd1107c	거기, 그림 같은 악당! 투항하라!
861939ff	세계적으로 유명한 얼티미츠의 본부야.
98bfb48d	답례로 키스라도 해 주면 좋겠는데.
9b3a6588	남편을 잃은 집에서 계속 사시는 메이 숙모가 안타까워.
b5de9535	막대기로 찔러 보고, 안 보이는 곳에 숨겨 놨지.
c4b09f60	사실 그렇게 싫지만은 않은 거지, 에디?
c657127b	하하하! 아래다, 꼬마!
ce13867a	계속 서 있을 거면 주먹으로 말해 주지!
d4c2d4d0	어젯밤에 쿵후 액션 영화를 봤거든!
d8cf1afb	멍청한 짓도 적당히 해!
dfaa03b8	마취침 때문에 머리가 빙빙 돌아.
e318e32f	하찮은 거미 흉내나 내는 인간 같으니!
fa510288	괜찮아?
fdfd1069	잘도 도망 다니는군, 브록.
325b9c58	게다가 밤마다 변신해서 몰래 나가는 조카와 함께 말이야.
1ced409f	넘어지는 연습이라도 해 볼래? 옆에서 도와줄게.
067be59d	물 좀 마시고 올 테니까 혼자 씨름이나 해. 나중에 감상 들려줘.
2d1f6c4e	뮤턴트에겐 잠깐의 휴식도 없다는 거네.
387af75f	정말 최악이네!
1d0a44a8	명중이다!
3d710d9d	아래로 내려갑니다.
faa1afc8	농담이야! 아야!
12ebe63b	농담이야! 아야!
a4a93298	파멸시켜 주마!
96c186db	농담이야! 아야!
caba0058	거미라면 질색이다!
8f2c615d	머리에 이가 돋아나고 혀를 사방으로 휘두르다니!
f7fbd578	이봐, 특이한 텐트를 쳐 놨네! 아야!
4e2158ff	말살! 분쇄! 박멸!
88a6613d	뇌가 두개골 밖으로 튀어나올 것 같아도 에디를 내버려 둘 순 없어. 또 누군가 죽을 거야.
b87b75d8	내 실력을 보여 주마. 피를 보게 될 거다!
1752a27e	하하하! 촉수만으로는 어림없다!
bd176c5f	온다!
f3e35c0e	죽여!
158f433d	엄마!
1503eaad	가 버려!
87af783d	파괴하겠다!
934c7e02	아, 잠깐. 왜 더 늘어난 거야?
1c5da433	박스터 빌딩. 판타스틱 포의 본부로군.
9822e960	서두르지 않으면 에디를 막기도 전에 정신을 잃겠어!
f15e16eb	한 번쯤은 거대한 코뿔소나 전갈 대신 곰 탈을 쓰고 껴안아 주는 적이 나타나면 안 되나?
007fc767	적어도 빌려 달라는 말은 해야지!
073fc561	수갑은 단단히 채워졌군.
348b8a60	정의의 철퇴를 내려 주마!
b6f70ff9	포스터는 전부 갖고 있어!
d7df6f38	너랑 너, 저쪽으로 가!
0213a097	아프잖아!
0283bd1d	젠장!
02867d33	저기, 열쇠를 잃어버렸어요.
03461b7d	저 겁쟁이를 잡아!
03809f22	그걸로 강한 줄 아냐?
05e52702	차는 내가 가져간다. 비켜!
07f06cbf	저 겁쟁이를 잡아!
08c90b10	목표 제압!
096575e8	뮤턴트 자식!
0fb1e890	후퇴하라!
16b9f047	보고도 믿을 수가 없네.
18e5b612	사령부, 지원을 요청한다!
1a8b7986	탄약을 아껴!
1e775165	쓰레기 같은 뮤턴트!
200b5c71	모두 후퇴하라!
207d5a67	이 사기꾼 자식!
22619b9f	이런 굴욕을 당하다니!
25f13a2d	이놈, 방탄인가?
2af90150	목표, 사정거리 내!
2c9d0dca	덤벼, 이 잠옷 자식!
2fa30087	엎드려 있어!
3b948da5	덕분에 살았어, 스파이더맨!
40b99604	난 그냥 구경꾼이야!
6eccb1de	촐랑촐랑 돌아다니기는!
9fef0fd3	그거 도둑질이잖아!
577ab6b3	그런 촌스러운 가면을 써야 하다니 어지간히 못생겼나 보군!
7d15f0ca	아, 아니, 그게, 누가 훔쳐 가지 못하게 지켜보고 있었을 뿐이에요.
2cf9de5a	체포하는 게 내 일이지만, 아무래도 당신들은 선량한 사람들 같군.
193bb33b	체포하는 게 내 일이지만, 아무래도 당신들은 선량한 사람들 같군.
4bb7014b	내려와! 다시는 말썽을 못 일으키게 해 주마!
46eae051	내려와! 다시는 말썽을 못 일으키게 해 주마!
40d5a756	이 시계가 마음에 들어? 그럼 줄게!
749e4939	아이언맨? 아니겠지?
6ae9eec0	사령부, 엄청난 일이...!
762ebbcf	사령부, 엄청난 일이...!
7c2e54de	아무 짓도 안 할게. 이렇게 빌게!
748261cb	이놈, 맞을수록 흥분하잖아!
68e7260f	정말 엄청난 난투였어.
9a48ad4c	쳇, 고작 가느다란 줄 따위에!
94869fe7	오늘은 평생 잊지 못할 날이 될 것이다.
949ba801	이럴 수가! 살려 줘! 누가 좀 도와줘!
8d70e604	헬기 부대, 같은 고도에 있다!
8a819d49	넌 내 상사가 아냐.
98c33165	이걸 얼굴에 들이대면 놈들도 꼼짝 못 해. 아무것도 못 한다고.
9ecc5680	마담 웹도 너보단 빨랐던 것 같은데?
9a236e2a	지난주에 관리를 손봤을 때는 아무도 눈 하나 깜짝 안 했잖아?
a24c1fe4	저거 무슨 마스크를 쓴 무슨 맨인가 하는 놈 아냐?
a1ec03a8	어머, 스파이더맨? 아니, 트랩스터구나!
9bfea6e6	전신 정비를 예약해 둬.
a9d92180	우리는 평범한 사람들과는 다른 세계에서 살고 있다.
a783f8df	우리는 평범한 사람들과는 다른 세계에서 살고 있다.
9929e805	역시 사실은 좋은 사람이었네요.
aa86438e	어머나, 스파이더맨!
a1c77d58	반짝반짝해서 예쁘네!
87f9ede6	정말이지 이 도시는 화가 난다니까!
86177a1e	스파이더맨! 정말로!
ad6311c2	고마워!
06988c12	브룩스는 여자를 보는 눈은 있는데 영화 취향은 영...
01d620a8	항공 부대, 경로 폭스트롯 6으로 이동하라.
00508198	흥, 아버지는 좀 이상한 사람이었지.
1f24b5e1	좀 옛날 표현일지 모르지만, 당신 정말 멋져!
1bff9dc5	승부는 처음부터 뻔했어.
45e0889b	스파이더맨! 오늘도 타이츠가 잘 어울리네! 나 좀 태워 줄래?
3d426c69	야, 저 이상한 옷에 속지 마. 겁주려는 것뿐이야!
3a419071	슈퍼히어로는 이제 질색이야.
39768ea0	뮤턴트인지 아닌지 어떻게 알 수 있어?
354b3963	스파이더인지 산타인지 모르겠지만 안 비키면 아픈 꼴 볼 거야.
29abc800	도망칠 수가 없어! 살려 줘!
73523b7f	당신 같은 사람이 있어서 다행이에요!
71d05916	왜 표를 구할 수가 없는 걸까?
6ed2c926	생선은 요리하기 전에 숨통을 끊어야 한다고 가르쳐 줬지.
70991258	흐흐흐, 거미줄 떨어지지 않게 조심해.
6e107eca	다 먹지 말걸 그랬어.
62be496e	잊을 수 없는 하루로 만들어 주마, 복면 자식!
5e0c4b1a	좀 흥분했네.
5cc772ac	그 여자가 끝내주는 드레스를 입고 나타났거든.
4afdaf75	돈이 필요해! 사정이 정말 심각하다고!
49c7302a	듣고 싶으면 말해. 하지만 고작 몇 달러 얘기야.
c7c81e34	항공 부대, 경로 위스키 2로 이동하라.
bbddde7e	좀 옛날 표현일지 모르지만, 당신 정말 멋져!
b75ed8ac	어머, 스파이더맨? 나이트 스래셔야? 잠옷 입은 이상한 사람처럼 보이네.
afc21858	잠옷이라니, 머리가 어떻게 된 거 아냐?
afc1120f	7시 반까지 집에 못 갔어. 눈이 침침하네.
af42a6e5	최고의 휴가가 됐어.
ad3968b6	아버지 물건을 팔아 차를 꾸민 걸 들키면 죽을 거야.
ac607bff	아직 찍을 때가 아닌가?
a8b1dc20	아, 제발 그만해!
a82107ed	제발 그만해! 머리통이 깨지겠어!
9d24aa7e	그 정도 실력이라면 묶어 봤자 소용없겠지.
9a03b13a	잠옷 입은 놈쯤이야 식은 죽 먹기지.
956dc82c	놈이 얼마나 한심한 사내인지.
8b1bbc34	야! 뒤에 있는 녀석!
f764bb66	여동생한테 줄 가방으로 할까?
f5fa604e	손가락이 부러진 것 같아.
e81afeaf	네가 엄청 멋지다고 생각하겠지만, 넌 그냥 겁쟁이야!
dc68720d	배고파! 먹을 것 좀!
dfcbfcfb	난 이걸로 먹고살아. 네 직장 따위 내 알 바 아냐.
da4e7c28	저거 스파이더맨이야? 배트록이야? 저런 사람들은 구분이 안 되더라.
cecec910	뭐야, 국산이잖아. 국산차 따윈 안 사!
799f736c	스파이더맨? 아니면 스피드볼인가? 둘이 잘 구분이 안 되네.
f9e790db	이 녀석이 꾸민 일이야. 난 상관없어!
3239aa5a	찍어 줘! 찍어 줘!
8ca21809	정말이지!
fae3c0f8	자경단 흉내는 그만해! 일을 더 벌이지 마!
a698604f	무기물 덩어리 따위에게!
f2a3d7dc	나 너 그려진 잠옷 있어.
bfb8a87e	다음 한 방에 산산조각 내 주마!
2011d407	지프 부대, 킬로 로미오로!
1790d165	어이, 너! 그 신발은 규정 위반이야!
153ba8c4	어이, 너! 그 신발은 규정 위반이야!
55eab109	진작 버렸으면 좋았을 거라고 생각하고 있지?
553f391d	그렇게 비굴하게 굴면 좋을 것 없어!
97d9ed91	사진 찍을 기회는 언제 오려나?
f9346278	괴물, 기분이 어때?
e3268540	괴물, 기분이 어때?
e3146cbf	괴물, 기분이 어때?
f6fba282	다들 침착해. 이빨과 촉수가 아무리 돋아나도 속은 그냥 꼬맹이야.
69061961	와스프가 나보다 낫다는 거야?
688fd7e6	온다!
5c91ab32	펜트하우스가 부르네!
509858ac	걸어 다니는 개그 소재네.
3fa2a94f	쭉쭉 올라간다!
3eea3961	정신을 차려 보면 늘 탐욕스러운 괴물이 입을 벌리고, 소중한 것들을 뒤틀린 악몽으로 바꿔 버린다.
3bb2f759	내 사랑에선 도망칠 수 없어!
2f2c395e	보도에 인사나 하시지!
2cb4934b	너무 지쳤으면 내가 결승선에 도착한 뒤 데리러 갈게.
26134c72	우선 벽부터 타 볼까?
0b040239	내가 생각해도 혼잣말이 너무 많네.
09595d8b	불장난은 위험해!
034099be	널 학교로 돌려보내려고 무리해서 왔어.
06637977	야, 뭐 하는 거야!
03e6f438	너희들, 똑바로 해!
03e69f6f	얼굴은 때리지 마!
00a0502c	무슨 말인지 전혀 모르겠어.
f2c49251	죽여 버리겠다!
975870b7	타 버려라!
2bdd33db	이런!
2a12bc6a	죽어! 죽어! 죽어!
f88f54b1	빨리 와 줘!
fcfdab96	으, 징그러워!
f831818e	새까맣게 탔잖아!
f75c6fca	제법인데!
ef5618d5	진정해!
eb10d68e	아야!
f0d5d0fd	자, 간다!
c3244355	목표를 적으로 판정!
c0cf1ab4	목표를 적으로 판정!
c2e20677	이건 내가 가져가지.
f624f023	뭐야?!
159fac2c	목표, 건물 측면에 있다!
0b4a58a4	도망가자!
0ae0b7f6	우리 딸이 네 열성 팬이야.
09a4522e	그 사람이 한 것 같진 않아.
09882f40	해치웠군. 그럼 끝내 볼까?
99a4e6a3	고마워.
2e824326	키스라도 해 주고 싶네!
2d68f541	어디 한번 해 보자!
2cc5da66	젠장! 너무 빨라!
2cc0c4ae	어디 한번 해 보자!
559694ab	TV에서는 더 나이 들어 보이네.
57961448	그만둬!
7061e6e7	그 녀석, 전화도 다시 안 해 줘.
6eb47c50	보이나?
7e5d0794	꼬맹이가, 엄청 빠르군!
76c1a0a9	내 1달러는?
8d688491	경찰이든 누구든 좋아요!
9e63356c	이 쓰레기!
946b7228	야, 끼어들지 마!
93016597	TV에서는 털이 더 많아 보이네.
91922d2a	망가뜨리면 제대로 고쳐 놔!
b8e196f9	나쁜 아이는 벌을 받아야지!
a1c4d851	아, 빠르네!
ca1cf641	계속 싸울 순 없겠지!
c6ccbe01	무슨 짓이야!
fff645db	악당이나 해 볼까? 재능은 있는 것 같은데.
44d28342	거기 있는 사탕을 집어!
49783fc4	난 눈이 좋아.
609c7df5	난 돈 안 낼 거야!
